crime,scope,t,trend,trend_season,shared_time_effect
burglary,CSP,0,-6.547403946178404,-6.547403946178404,0.05720712851719838
burglary,CSP,1,-6.524099039681428,-6.484623993391312,-0.01769951691552917
burglary,CSP,2,-6.501442027252869,-6.378356164668856,0.009833950336447335
burglary,CSP,3,-6.480080802961148,-6.403318284174481,-0.0062496954245610725
burglary,CSP,4,-6.460663260874682,-6.460663260874682,-0.027384649195841434
burglary,CSP,5,-6.44383729506189,-6.404362248771775,-0.040288244728990535
burglary,CSP,6,-6.430250799591189,-6.307164937007175,-0.04702885398991992
burglary,CSP,7,-6.420551668530998,-6.343789149744331,-0.005400166944176873
burglary,CSP,8,-6.415387795949736,-6.415387795949736,0.038099872743256186
burglary,CSP,9,-6.415399228275189,-6.375924181985074,0.010495956067890956
burglary,CSP,10,-6.4209209349054985,-6.297835072321484,-0.006471746757090815
burglary,CSP,11,-6.431891579386805,-6.355129060600137,-0.03397652517472339
burglary,CSP,12,-6.448223339478105,-6.448223339478105,-0.006456945680443997
burglary,CSP,13,-6.4698283929384,-6.4303533466482845,0.011945825697470233
burglary,CSP,14,-6.496618917526685,-6.37353305494267,0.036662491092782745
burglary,CSP,15,-6.52850709100196,-6.451744572215292,0.039944041620633364
burglary,CSP,16,-6.565405091123224,-6.565405091123224,0.06257951516894285
burglary,CSP,17,-6.607225095649474,-6.567750049359359,0.0480441185011334
burglary,CSP,18,-6.653728534964262,-6.530642672380249,0.06492413324110556
burglary,CSP,19,-6.703562722129481,-6.626800203342814,0.10500321719362317
burglary,CSP,20,-6.754875619525852,-6.754875619525852,-0.1947243298426934
burglary,CSP,21,-6.805812834106361,-6.766337787816245,-0.04226816674988837
burglary,CSP,22,-6.854519972823985,-6.731434110239971,-0.06114532773998406
burglary,CSP,23,-6.89914264263171,-6.8223801238450426,-0.1579701728141424
burglary,CSP,24,-6.937826450482518,-6.937826450482518,-0.07655875663115423
burglary,CSP,25,-6.96871700332939,-6.929241957039275,-0.011997356280466333
burglary,CSP,26,-6.989965475619003,-6.866879613034989,0.05284468958305735
burglary,CSP,27,-7.000903350461094,-6.924140831674426,0.05752972481607542
burglary,CSP,28,-7.003495535482519,-7.003495535482519,0.12200961423866695
burglary,CSP,29,-7.000063257906531,-6.9605882116164155,0.05262921583559056
burglary,CSP,30,-6.992927744956377,-6.869841882372363,0.020526144627383572
burglary,CSP,31,-6.98441022385531,-6.9076477050686425,0.051032315482883825
burglary,CSP,32,-6.976831921826582,-6.976831921826582,0.021615773148553594
burglary,CSP,33,-6.972514066093441,-6.933039019803326,0.014947441191287427
burglary,CSP,34,-6.973777883879141,-6.850692021295128,-0.027558528092416174
burglary,CSP,35,-6.982824069610762,-6.906061550824095,-0.030618552736862422
burglary,CSP,36,-7.0000497899504985,-7.0000497899504985,0.011146348608164982
burglary,CSP,37,-7.024463852315787,-6.984988806025671,-0.0375468644908815
burglary,CSP,38,-7.055039350702974,-6.93195348811896,-0.07468386161817053
burglary,CSP,39,-7.090749379108412,-7.013986860321744,-0.07721706313120466
burglary,CSP,40,-7.130567031528451,-7.130567031528451,-0.008223163912357058
burglary,CSP,41,-7.17346540195944,-7.133990355669326,0.010708158099687304
burglary,CSP,42,-7.218417584397731,-7.095331721813716,0.033598889722532006
burglary,CSP,43,-7.26439667283967,-7.187634154053002,0.05816717236716015
burglary,PFA,0,-6.491033341916973,-6.491033341916973,0.07330121543987997
burglary,PFA,1,-6.471674644328283,-6.430586849103469,-0.011800328873462343
burglary,PFA,2,-6.452889237122808,-6.333952554951973,1.6402214882234063e-05
burglary,PFA,3,-6.43525041068376,-6.363256895044249,-0.014917571322564611
burglary,PFA,4,-6.419331455394349,-6.419331455394349,-0.04069734975593657
burglary,PFA,5,-6.405705661637788,-6.364617866412974,-0.04648102046523292
burglary,PFA,6,-6.394946319797292,-6.276009637626456,-0.04963503694374119
burglary,PFA,7,-6.387626720256074,-6.315633204616564,-0.0016824835270900695
burglary,PFA,8,-6.384320153397346,-6.384320153397346,0.03780989504438013
burglary,PFA,9,-6.385593821612132,-6.344506026387318,0.013417048693742422
burglary,PFA,10,-6.391778256595161,-6.272841574424325,0.0025403886615500476
burglary,PFA,11,-6.402896546435668,-6.330903030796158,-0.02334160999507089
burglary,PFA,12,-6.418951232249266,-6.418951232249266,-0.002178055581804321
burglary,PFA,13,-6.439944855151559,-6.398857059926745,0.011665524194696745
burglary,PFA,14,-6.465879956258158,-6.346943274087322,0.036832270648934844
burglary,PFA,15,-6.496759076684666,-6.424765561045155,0.037829367966857354
burglary,PFA,16,-6.532584757546695,-6.532584757546695,0.058658580928957635
burglary,PFA,17,-6.573359539959851,-6.532271744735037,0.03928950557805556
burglary,PFA,18,-6.6189255505753675,-6.499988868404532,0.06178303722858619
burglary,PFA,19,-6.667939352893722,-6.595945837254211,0.1023772813079326
burglary,PFA,20,-6.718526137502155,-6.718526137502155,-0.19382538672235047
burglary,PFA,21,-6.7688085885119005,-6.727720793287086,-0.04291518606171984
burglary,PFA,22,-6.816909390034192,-6.697972707863357,-0.05804931667955146
burglary,PFA,23,-6.860951226180266,-6.788957710540755,-0.15070448520442986
burglary,PFA,24,-6.899056781061355,-6.899056781061355,-0.0737936778898907
burglary,PFA,25,-6.929348738788696,-6.888260943563882,-0.008014548944066517
burglary,PFA,26,-6.94995539488205,-6.831018712711215,0.05325782294787962
burglary,PFA,27,-6.960194663469304,-6.888201147829793,0.05810990482563476
burglary,PFA,28,-6.9620386549125,-6.9620386549125,0.11940573909660797
burglary,PFA,29,-6.957818609719534,-6.91673081449472,0.048962602971507875
burglary,PFA,30,-6.949865768398295,-6.83092908622746,0.020932672741433227
burglary,PFA,31,-6.940511371456679,-6.868517855817168,0.04816759064796612
burglary,PFA,32,-6.932086659402578,-6.932086659402578,0.01688473301275349
burglary,PFA,33,-6.926922872743883,-6.885835077519069,0.010279979914497426
burglary,PFA,34,-6.927351251988488,-6.808414569817653,-0.03310759823884413
burglary,PFA,35,-6.935582041765755,-6.863588526126245,-0.036202515261870925
burglary,PFA,36,-6.952015029855929,-6.952015029855929,0.014999804891001542
burglary,PFA,37,-6.9756563107717335,-6.934568515546919,-0.017727726989429836
burglary,PFA,38,-7.005476128395225,-6.886539446224389,-0.064611643127272
burglary,PFA,39,-7.040444726608453,-6.968451210968943,-0.0789833597404917
burglary,PFA,40,-7.0795323492934745,-7.0795323492934745,-0.010928380966007702
burglary,PFA,41,-7.121709240332336,-7.080621445107521,0.0021171434633631843
burglary,PFA,42,-7.165945643607094,-7.0470089614362585,0.03121010419386632
burglary,PFA,43,-7.211211802999799,-7.139218287360288,0.05974870748730601
burglary_other,CSP,0,-7.040412581729603,-7.040412581729603,-0.04891987860927171
burglary_other,CSP,1,-7.085219050685313,-7.057050197239138,-0.09163499568222833
burglary_other,CSP,2,-7.1300823260361765,-7.0704101237414685,-0.01979363232921132
burglary_other,CSP,3,-7.175059214177351,-7.111642468234865,0.010840799530657677
burglary_other,CSP,4,-7.22020652150399,-7.22020652150399,0.09084396320535428
burglary_other,CSP,5,-7.26558105441125,-7.237412200965075,0.10548344434311908
burglary_other,CSP,6,-7.311239619294284,-7.251567416999575,0.1594680783013542
burglary_other,CSP,7,-7.35723902254825,-7.2938222766057645,0.2337385153208401
burglary_other,CSP,8,-7.4036360705683,-7.4036360705683,-0.17543126052637323
burglary_other,CSP,9,-7.450488070207483,-7.422319216761309,-0.13951508745352653
burglary_other,CSP,10,-7.497871783619377,-7.438199581324669,-0.16477262121520336
burglary_other,CSP,11,-7.545889246081089,-7.482472500138604,-0.1502484043897017
burglary_other,CSP,12,-7.594644181915105,-7.594644181915105,-0.04358027406099939
burglary_other,CSP,13,-7.644240315443911,-7.616071461997737,0.019729749360948665
burglary_other,CSP,14,-7.694781370989996,-7.635109168695287,0.03614317979843009
burglary_other,CSP,15,-7.7463710728758475,-7.682954326933362,0.058227577299049
burglary_other,CSP,16,-7.799113145423955,-7.799113145423955,0.13351676602915605
burglary_other,CSP,17,-7.853111312956802,-7.824942459510628,0.10122568641643179
burglary_other,CSP,18,-7.908320524849813,-7.848648322555104,0.10902491135649717
burglary_other,CSP,19,-7.9635961906352435,-7.900179444692758,0.15407146848489708
burglary_other,CSP,20,-8.017300902833192,-8.017300902833192,-0.15416799728499897
burglary_other,CSP,21,-8.06779492935521,-8.039626075909036,-0.09909324491825183
burglary_other,CSP,22,-8.113438538112849,-8.05376633581814,-0.08985995166823324
burglary_other,CSP,23,-8.152591997017659,-8.089175251075174,-0.21725627162041936
burglary_other,CSP,24,-8.18361557398119,-8.18361557398119,-0.08606828589869189
burglary_other,CSP,25,-8.204869536914996,-8.176700683468821,-0.02324756266003747
burglary_other,CSP,26,-8.214720294693533,-8.155048092398825,0.039437960754049095
burglary_other,CSP,27,-8.212836140327907,-8.14941939438542,0.04174983438388866
burglary_other,CSP,28,-8.201790042285035,-8.201790042285035,0.16798385818683803
burglary_other,CSP,29,-8.184547990657991,-8.156379137211816,0.08871210140901403
burglary_other,CSP,30,-8.164075975539852,-8.104403773245144,0.03096855252967553
burglary_other,CSP,31,-8.143339987023689,-8.079923241081202,0.04615799477594514
burglary_other,CSP,32,-8.12530601520258,-8.12530601520258,0.04776479407223142
burglary_other,CSP,33,-8.112940050169597,-8.084771196723421,0.021838548014241236
burglary_other,CSP,34,-8.109208082017815,-8.049535879723106,-0.054894969958701245
burglary_other,CSP,35,-8.116915800802957,-8.053499054860472,-0.08916552447113668
burglary_other,CSP,36,-8.136470333058881,-8.136470333058881,0.040842542925210466
burglary_other,CSP,37,-8.166432386370682,-8.138263532924507,-0.018290679630492267
burglary_other,CSP,38,-8.20531517201609,-8.145642969721383,-0.09080607983874993
burglary_other,CSP,39,-8.251631901272841,-8.188215155330356,-0.12121188102549105
burglary_other,CSP,40,-8.303895785418664,-8.303895785418664,0.019350050320589833
burglary_other,CSP,41,-8.36062003573129,-8.332451182285116,0.03044697361304115
burglary_other,CSP,42,-8.420317863488453,-8.360645661193743,0.04832375817033509
burglary_other,CSP,43,-8.481502479967885,-8.418085734025398,0.041147641604891906
burglary_other,PFA,0,-6.981322911813802,-6.981322911813802,-0.03185924636184122
burglary_other,PFA,1,-7.028706199932339,-6.995432407344615,-0.08815733378953686
burglary_other,PFA,2,-7.07607448582332,-7.014465220084615,-0.029725707669376544
burglary_other,PFA,3,-7.123412767259192,-7.061697029929291,0.006627614438432846
burglary_other,PFA,4,-7.170706042012397,-7.170706042012397,0.08043134499734275
burglary_other,PFA,5,-7.217939307855381,-7.184665515267657,0.09515404078528258
burglary_other,PFA,6,-7.2650975625605865,-7.203488296821881,0.15430715610822482
burglary_other,PFA,7,-7.31216580390046,-7.250450066570559,0.23353541945995446
burglary_other,PFA,8,-7.359129029647446,-7.359129029647446,-0.17261636521192883
burglary_other,PFA,9,-7.4059748663509675,-7.372701073763244,-0.13480606121559607
burglary_other,PFA,10,-7.452793134265518,-7.391183868526812,-0.1611364808819421
burglary_other,PFA,11,-7.499806406883047,-7.438090669553145,-0.13720646242930531
burglary_other,PFA,12,-7.547246129817804,-7.547246129817804,-0.03576215756552561
burglary_other,PFA,13,-7.595343748684043,-7.56206995609632,0.01984066369771877
burglary_other,PFA,14,-7.644330709096018,-7.582721443357313,0.030340326052847012
burglary_other,PFA,15,-7.69443845666798,-7.632722719338078,0.05820128232785137
burglary_other,PFA,16,-7.745898437014182,-7.745898437014182,0.13253065254078292
burglary_other,PFA,17,-7.798942095748877,-7.765668303161153,0.09794210629903527
burglary_other,PFA,18,-7.853631761728565,-7.792022495989859,0.11014798609854555
burglary_other,PFA,19,-7.908779885271978,-7.847064147942077,0.15730024863722525
burglary_other,PFA,20,-7.962638717437799,-7.962638717437799,-0.16347166513507547
burglary_other,PFA,21,-8.013457866835367,-7.980184074247644,-0.10440429736765117
burglary_other,PFA,22,-8.059486942074019,-7.997877676335312,-0.08310820195563724
burglary_other,PFA,23,-8.098975551763095,-8.037259814433193,-0.22256046394678547
burglary_other,PFA,24,-8.130173304511933,-8.130173304511933,-0.09111995419465234
burglary_other,PFA,25,-8.151329808929876,-8.118056016342154,-0.018668733222068714
burglary_other,PFA,26,-8.160701057364808,-8.099091791626101,0.04877476132091482
burglary_other,PFA,27,-8.15789639473627,-8.096180657406368,0.045658955423807115
burglary_other,PFA,28,-8.145544674295868,-8.145544674295868,0.16897735611578535
burglary_other,PFA,29,-8.126683308562114,-8.093409515974392,0.0868548926581913
burglary_other,PFA,30,-8.10434971005353,-8.042740444314825,0.033321268937158685
burglary_other,PFA,31,-8.081581291288629,-8.019865553958727,0.04755925981031985
burglary_other,PFA,32,-8.06141546478593,-8.06141546478593,0.044698111774982764
burglary_other,PFA,33,-8.046889643063949,-8.013615850476224,0.01200677064445935
burglary_other,PFA,34,-8.041041238641203,-7.979431972902497,-0.06305208071345825
burglary_other,PFA,35,-8.046744192463018,-7.985028455133116,-0.10081795172173626
burglary_other,PFA,36,-8.064426426379573,-8.064426426379573,0.041267793733373276
burglary_other,PFA,37,-8.092632911898,-8.059359119310276,0.007862699638942318
burglary_other,PFA,38,-8.129860184503748,-8.068250918765044,-0.08319411330536322
burglary_other,PFA,39,-8.174604779682262,-8.11288904235236,-0.12138386744989686
burglary_other,PFA,40,-8.22536323291899,-8.22536323291899,0.019457231363471984
burglary_other,PFA,41,-8.280632079699378,-8.247358287111656,0.021623649353582835
burglary_other,PFA,42,-8.338907855508872,-8.277298589770169,0.04618778346726659
burglary_other,PFA,43,-8.398687095832921,-8.33697135850302,0.041510558406069056
burglary_residential,CSP,0,-7.465756102422413,-7.465756102422413,0.1185867233869984
burglary_residential,CSP,1,-7.388321098023616,-7.34387179685422,0.03970973160428851
burglary_residential,CSP,2,-7.312068533115335,-7.167838140632133,0.05528989755108664
burglary_residential,CSP,3,-7.238180847188083,-7.167542166544188,-0.0216338434972831
burglary_residential,CSP,4,-7.167840479732376,-7.167840479732376,-0.1333927174148785
burglary_residential,CSP,5,-7.102229870238725,-7.057780569069329,-0.14055967566430252
burglary_residential,CSP,6,-7.042531458197649,-6.898301065714446,-0.18145220639800497
burglary_residential,CSP,7,-6.989927683099658,-6.919289002455764,-0.16996487007045594
burglary_residential,CSP,8,-6.945600984435273,-6.945600984435273,0.1890860464929047
burglary_residential,CSP,9,-6.9107174128717705,-6.866268111702374,0.11854766507971931
burglary_residential,CSP,10,-6.885805903573371,-6.7415755110901685,0.08915291945389882
burglary_residential,CSP,11,-6.8705677561311616,-6.799929075487267,0.03850370161090292
burglary_residential,CSP,12,-6.864648957857834,-6.864648957857834,0.019935163585641884
burglary_residential,CSP,13,-6.867695496066075,-6.823246194896679,0.01191441033129808
burglary_residential,CSP,14,-6.879353358068579,-6.7351229655853775,0.03565456505734704
burglary_residential,CSP,15,-6.899268531178033,-6.8286298505341385,0.031329745793428156
burglary_residential,CSP,16,-6.927087002707127,-6.927087002707127,0.026599854692868068
burglary_residential,CSP,17,-6.962454759968552,-6.918005458799156,0.017053478937571108
burglary_residential,CSP,18,-7.00486729658727,-6.8606369041040685,0.03450631496593198
burglary_residential,CSP,19,-7.052707863777389,-6.982069183133494,0.08225617087938589
burglary_residential,CSP,20,-7.103861202412422,-7.103861202412422,-0.2178148615172222
burglary_residential,CSP,21,-7.156209701902012,-7.111760400732615,-0.025359579220333123
burglary_residential,CSP,22,-7.207635751655798,-7.063405359172596,-0.05910613078695488
burglary_residential,CSP,23,-7.256021741083425,-7.185383060439531,-0.12751521099955937
burglary_residential,CSP,24,-7.299250059594534,-7.299250059594534,-0.07251281380248856
burglary_residential,CSP,25,-7.335203096598769,-7.2907537954293735,-0.006814997812573624
burglary_residential,CSP,26,-7.361768943130689,-7.217538550647486,0.06427103307740062
burglary_residential,CSP,27,-7.3780444347076415,-7.307405754063747,0.07707703195795886
burglary_residential,CSP,28,-7.385823275433565,-7.385823275433565,0.10187507844465436
burglary_residential,CSP,29,-7.387264073407207,-7.34281477223781,0.03236392107315684
burglary_residential,CSP,30,-7.384525436727308,-7.240295044244105,0.018883173746303078
burglary_residential,CSP,31,-7.379765973492612,-7.309127292848717,0.06193781817956216
burglary_residential,CSP,32,-7.375144291801862,-7.375144291801862,0.004179042569864048
burglary_residential,CSP,33,-7.372818999753804,-7.328369698584408,0.010802595920092683
burglary_residential,CSP,34,-7.37494870544718,-7.230718312963978,-0.01474208819343013
burglary_residential,CSP,35,-7.383583007813959,-7.312944327170064,0.004637163075521969
burglary_residential,CSP,36,-7.399140405661084,-7.399140405661084,-0.00863667902364636
burglary_residential,CSP,37,-7.4207837736893385,-7.376334472519942,-0.05501175746044498
burglary_residential,CSP,38,-7.447643687587135,-7.303413295103933,-0.06871306261810974
burglary_residential,CSP,39,-7.478850723042881,-7.408212042398986,-0.05399272567827004
burglary_residential,CSP,40,-7.5135354557449885,-7.5135354557449885,-0.024635298810613486
burglary_residential,CSP,41,-7.550828461381865,-7.50637916021247,-0.001100419607779163
burglary_residential,CSP,42,-7.589860315641923,-7.44562992315872,0.027298424483657043
burglary_residential,CSP,43,-7.629761594213569,-7.5591229135696745,0.07227274580631368
burglary_residential,PFA,0,-7.386538260649305,-7.386538260649305,0.1300341222804997
burglary_residential,PFA,1,-7.315109508609446,-7.269620568353146,0.046680852134451216
burglary_residential,PFA,2,-7.244767973302743,-7.103080481128212,0.047091399353828785
burglary_residential,PFA,3,-7.176600871462347,-7.108873028114931,-0.028599612555272484
burglary_residential,PFA,4,-7.111695419821415,-7.111695419821415,-0.14832387630830618
burglary_residential,PFA,5,-7.051138835113098,-7.005649894856798,-0.14398248815190604
burglary_residential,PFA,6,-6.996018334070552,-6.8543308418960205,-0.17874244384647187
burglary_residential,PFA,7,-6.94742113342693,-6.879693290079513,-0.16359290357641335
burglary_residential,PFA,8,-6.9064344499153885,-6.9064344499153885,0.18391636051727253
burglary_residential,PFA,9,-6.874131152599464,-6.828642212343164,0.11681877875613408
burglary_residential,PFA,10,-6.851026344886424,-6.709338852711893,0.09801586259508092
burglary_residential,PFA,11,-6.836910572867984,-6.769182729520566,0.049435313825599805
burglary_residential,PFA,12,-6.831525959250914,-6.831525959250914,0.023765737747639296
burglary_residential,PFA,13,-6.834614626741985,-6.789125686485685,0.011302881508801725
burglary_residential,PFA,14,-6.84591869804796,-6.7042312058734295,0.03798055909142825
burglary_residential,PFA,15,-6.8651802958756125,-6.797452452528195,0.02873755584518071
burglary_residential,PFA,16,-6.892141542931708,-6.892141542931708,0.0212112403985073
burglary_residential,PFA,17,-6.926544561923017,-6.881055621666717,0.00692554288875221
burglary_residential,PFA,18,-6.967974051392299,-6.826286559217769,0.030669525058325094
burglary_residential,PFA,19,-7.014851246920194,-6.9471234035727765,0.07673656110034495
burglary_residential,PFA,20,-7.065075916544062,-7.065075916544062,-0.21084694505027385
burglary_residential,PFA,21,-7.116545368548707,-7.071056428292406,-0.026162544410245275
burglary_residential,PFA,22,-7.167156911218925,-7.025469419044394,-0.05617049330652065
burglary_residential,PFA,23,-7.214807852839518,-7.1470800094921,-0.11778238404350218
burglary_residential,PFA,24,-7.257395501695286,-7.257395501695286,-0.06539623043341496
burglary_residential,PFA,25,-7.292817166071029,-7.247328225814729,-0.0018503644267650887
burglary_residential,PFA,26,-7.318975796812162,-7.1772883046376315,0.05765616227975455
burglary_residential,PFA,27,-7.334970567614888,-7.26724272426747,0.07607326429800576
burglary_residential,PFA,28,-7.342569583347197,-7.342569583347197,0.09914829519449328
burglary_residential,PFA,29,-7.343902072756569,-7.298413132500269,0.028962057744988577
burglary_residential,PFA,30,-7.341097264590475,-7.199409772415945,0.018314137426185036
burglary_residential,PFA,31,-7.336284387596392,-7.268556544248975,0.056549064010703
burglary_residential,PFA,32,-7.331592670521798,-7.331592670521798,0.0022751453755576008
burglary_residential,PFA,33,-7.329151342114165,-7.283662401857865,0.008789011272150066
burglary_residential,PFA,34,-7.331089631120971,-7.1894021389464395,-0.020717104481620785
burglary_residential,PFA,35,-7.33942930250178,-7.271701459154363,-0.0015563401072335747
burglary_residential,PFA,36,-7.3545841445378315,-7.3545841445378315,-0.003089968378890626
burglary_residential,PFA,37,-7.375730121879269,-7.330241181622969,-0.03585396159080399
burglary_residential,PFA,38,-7.402011358053895,-7.260323865879364,-0.058467023042577705
burglary_residential,PFA,39,-7.432571976589512,-7.364844133242094,-0.05572518489626916
burglary_residential,PFA,40,-7.4665561010139205,-7.4665561010139205,-0.029380561993822656
burglary_residential,PFA,41,-7.503107854854923,-7.457618914598623,-0.010274652292861425
burglary_residential,PFA,42,-7.541371361640322,-7.399683869465791,0.025257091555342143
burglary_residential,PFA,43,-7.5804907448979195,-7.512762901550502,0.07487470321388966
causing_death_or_serious_injury_unlawful_driving,CSP,0,-12.469898006387984,-12.469898006387984,-0.022275315160461034
causing_death_or_serious_injury_unlawful_driving,CSP,1,-12.458339828394742,-12.42863873127984,0.008562301704832347
causing_death_or_serious_injury_unlawful_driving,CSP,2,-12.44680484542408,-12.353877012980128,-0.09158808351804205
causing_death_or_serious_injury_unlawful_driving,CSP,3,-12.435316252498568,-12.404177586886496,0.019110461524170248
causing_death_or_serious_injury_unlawful_driving,CSP,4,-12.423897244640793,-12.423897244640793,0.07358077709787635
causing_death_or_serious_injury_unlawful_driving,CSP,5,-12.412571016873324,-12.382869919758422,0.05369445190292781
causing_death_or_serious_injury_unlawful_driving,CSP,6,-12.401360764218744,-12.308432931774792,0.07658892311540862
causing_death_or_serious_injury_unlawful_driving,CSP,7,-12.390289681699628,-12.359151016087555,-0.020011554077103942
causing_death_or_serious_injury_unlawful_driving,CSP,8,-12.379380964338553,-12.379380964338553,-0.042439983462220075
causing_death_or_serious_injury_unlawful_driving,CSP,9,-12.368662768664345,-12.338961671549443,-0.014873627110700853
causing_death_or_serious_injury_unlawful_driving,CSP,10,-12.358356129761162,-12.265428297317213,-0.0220287638678061
causing_death_or_serious_injury_unlawful_driving,CSP,11,-12.348932638778626,-12.317793973166552,-0.014282974726958254
causing_death_or_serious_injury_unlawful_driving,CSP,12,-12.34088063194993,-12.34088063194993,-0.00090748784888571
causing_death_or_serious_injury_unlawful_driving,CSP,13,-12.33468844550827,-12.304987348393368,-0.07093358518869163
causing_death_or_serious_injury_unlawful_driving,CSP,14,-12.330844415686848,-12.237916583242896,0.0653314402118405
causing_death_or_serious_injury_unlawful_driving,CSP,15,-12.32983687871886,-12.298698213106785,0.008844366897438774
causing_death_or_serious_injury_unlawful_driving,CSP,16,-12.332154170837505,-12.332154170837505,-0.06635738529943894
causing_death_or_serious_injury_unlawful_driving,CSP,17,-12.338284628275977,-12.308583531161075,-0.001179221943703698
causing_death_or_serious_injury_unlawful_driving,CSP,18,-12.348483161907872,-12.255555329463922,0.037033579135095175
causing_death_or_serious_injury_unlawful_driving,CSP,19,-12.361279523308404,-12.330140857696332,0.028847019236489697
causing_death_or_serious_injury_unlawful_driving,CSP,20,-12.3744302425491,-12.3744302425491,-0.08794680825485106
causing_death_or_serious_injury_unlawful_driving,CSP,21,-12.385688202430217,-12.355987105315315,0.09910623241047893
causing_death_or_serious_injury_unlawful_driving,CSP,22,-12.392806285752036,-12.299878453308086,-0.05264123621499126
causing_death_or_serious_injury_unlawful_driving,CSP,23,-12.393537375314828,-12.362398709702754,0.03684396113003525
causing_death_or_serious_injury_unlawful_driving,CSP,24,-12.385634353918864,-12.385634353918864,0.04221298528061218
causing_death_or_serious_injury_unlawful_driving,CSP,25,-12.366850104364413,-12.337149007249511,0.061398985268097395
causing_death_or_serious_injury_unlawful_driving,CSP,26,-12.334945162437997,-12.242017329994049,0.005310558763173047
causing_death_or_serious_injury_unlawful_driving,CSP,27,-12.289302497009787,-12.258163831397713,-0.043827932591032584
causing_death_or_serious_injury_unlawful_driving,CSP,28,-12.232924939443215,-12.232924939443215,0.005686483896533939
causing_death_or_serious_injury_unlawful_driving,CSP,29,-12.169305112221323,-12.139604015106421,-0.06329890594022208
causing_death_or_serious_injury_unlawful_driving,CSP,30,-12.10193563782713,-12.009007805383181,-0.06062065670153186
causing_death_or_serious_injury_unlawful_driving,CSP,31,-12.034309138743676,-12.003170473131604,-0.07135054569599189
causing_death_or_serious_injury_unlawful_driving,CSP,32,-11.96991823745399,-11.96991823745399,0.09366514555815293
causing_death_or_serious_injury_unlawful_driving,CSP,33,-11.912255556441103,-11.882554459326201,-0.020098217518242225
causing_death_or_serious_injury_unlawful_driving,CSP,34,-11.864813718188044,-11.771885885744094,-0.005732421030575086
causing_death_or_serious_injury_unlawful_driving,CSP,35,-11.830896357453048,-11.799757691840975,0.04781191537870982
causing_death_or_serious_injury_unlawful_driving,CSP,36,-11.810979292667781,-11.810979292667781,-0.007444278403776291
causing_death_or_serious_injury_unlawful_driving,CSP,37,-11.803361483656055,-11.773660386541152,-0.00039592062212386785
causing_death_or_serious_injury_unlawful_driving,CSP,38,-11.806285893878805,-11.713358061434853,0.025897039377213462
causing_death_or_serious_injury_unlawful_driving,CSP,39,-11.817995486796946,-11.78685682118487,0.02899259244654538
causing_death_or_serious_injury_unlawful_driving,CSP,40,-11.836733225871397,-11.836733225871397,0.00925112511988957
causing_death_or_serious_injury_unlawful_driving,CSP,41,-11.860742074563083,-11.83104097744818,-0.04810750241447862
causing_death_or_serious_injury_unlawful_driving,CSP,42,-11.888264996332927,-11.795337163888977,0.020825159688800686
causing_death_or_serious_injury_unlawful_driving,CSP,43,-11.917544954641848,-11.886406289029773,-0.02126835081788339
causing_death_or_serious_injury_unlawful_driving,PFA,0,-12.94465719080566,-12.94465719080566,-0.03491167941626981
causing_death_or_serious_injury_unlawful_driving,PFA,1,-12.935791521905228,-12.842961332514855,-0.006773719427869072
causing_death_or_serious_injury_unlawful_driving,PFA,2,-12.926647737800023,-12.728442603325083,-0.08252814352754918
causing_death_or_serious_injury_unlawful_driving,PFA,3,-12.916947723285285,-12.831703450626026,0.049213188064118694
causing_death_or_serious_injury_unlawful_driving,PFA,4,-12.906413363156233,-12.906413363156233,0.13268798737791287
causing_death_or_serious_injury_unlawful_driving,PFA,5,-12.894766542208105,-12.801936352817732,0.034224901056139255
causing_death_or_serious_injury_unlawful_driving,PFA,6,-12.881729145236132,-12.683524010761193,0.07479349341517817
causing_death_or_serious_injury_unlawful_driving,PFA,7,-12.86702305703554,-12.781778784376282,-0.011054709437970356
causing_death_or_serious_injury_unlawful_driving,PFA,8,-12.850370162401568,-12.850370162401568,-0.20149936868262722
causing_death_or_serious_injury_unlawful_driving,PFA,9,-12.831509444789784,-12.738679255399411,-0.00010705120250998513
causing_death_or_serious_injury_unlawful_driving,PFA,10,-12.810844598076873,-12.612639463601933,-0.02989505055861604
causing_death_or_serious_injury_unlawful_driving,PFA,11,-12.789642798487169,-12.70439852582791,0.04014931909283425
causing_death_or_serious_injury_unlawful_driving,PFA,12,-12.76922893022369,-12.76922893022369,0.045401059960947635
causing_death_or_serious_injury_unlawful_driving,PFA,13,-12.75092787748945,-12.658097688099078,-0.13331595490046574
causing_death_or_serious_injury_unlawful_driving,PFA,14,-12.73606452448747,-12.537859390012528,0.18192553222111565
causing_death_or_serious_injury_unlawful_driving,PFA,15,-12.72596375542076,-12.640719482761503,0.048434332521225955
causing_death_or_serious_injury_unlawful_driving,PFA,16,-12.721950454492346,-12.721950454492346,-0.12456173670521395
causing_death_or_serious_injury_unlawful_driving,PFA,17,-12.725349505905239,-12.632519316514866,7.195503261740815e-05
causing_death_or_serious_injury_unlawful_driving,PFA,18,-12.737047845049828,-12.538842710574889,0.04675468385307905
causing_death_or_serious_injury_unlawful_driving,PFA,19,-12.754695691873154,-12.669451419213898,-0.005743197909356354
causing_death_or_serious_injury_unlawful_driving,PFA,20,-12.774492560880434,-12.774492560880434,-0.10690898772775004
causing_death_or_serious_injury_unlawful_driving,PFA,21,-12.792631123626672,-12.699800934236299,0.12084006045968078
causing_death_or_serious_injury_unlawful_driving,PFA,22,-12.80530405166688,-12.607098917191939,-0.06735217214075258
causing_death_or_serious_injury_unlawful_driving,PFA,23,-12.808704016556074,-12.723459743896816,-0.0924253801293237
causing_death_or_serious_injury_unlawful_driving,PFA,24,-12.799023689849264,-12.799023689849264,0.0942819826916278
causing_death_or_serious_injury_unlawful_driving,PFA,25,-12.772455743101462,-12.67962555371109,0.10612890114730257
causing_death_or_serious_injury_unlawful_driving,PFA,26,-12.725205303416748,-12.52700016894181,0.026262178104915237
causing_death_or_serious_injury_unlawful_driving,PFA,27,-12.656118074303237,-12.570873801643977,-0.04959348001488968
causing_death_or_serious_injury_unlawful_driving,PFA,28,-12.569931233981766,-12.569931233981766,0.048183764469692386
causing_death_or_serious_injury_unlawful_driving,PFA,29,-12.472179115814011,-12.379348926423638,-0.07759988927929894
causing_death_or_serious_injury_unlawful_driving,PFA,30,-12.368396053161655,-12.170190918686714,-0.0605099482286815
causing_death_or_serious_injury_unlawful_driving,PFA,31,-12.264116379386376,-12.178872106727118,-0.08036303364900232
causing_death_or_serious_injury_unlawful_driving,PFA,32,-12.16487442784985,-12.16487442784985,0.10479895840059181
causing_death_or_serious_injury_unlawful_driving,PFA,33,-12.076204531913756,-11.983374342523383,-0.03166164274592971
causing_death_or_serious_injury_unlawful_driving,PFA,34,-12.003641024939771,-11.805435890464832,-0.045210364487543266
causing_death_or_serious_injury_unlawful_driving,PFA,35,-11.95241914842762,-11.867174875768361,0.08185384984034585
causing_death_or_serious_injury_unlawful_driving,PFA,36,-11.923298843424012,-11.923298843424012,0.03760495981693357
causing_death_or_serious_injury_unlawful_driving,PFA,37,-11.913594955824966,-11.820764766434593,-0.0038426481191790396
causing_death_or_serious_injury_unlawful_driving,PFA,38,-11.92053371171554,-11.722328577240601,-0.03739810476751071
causing_death_or_serious_injury_unlawful_driving,PFA,39,-11.941341337180805,-11.856097064521547,0.027120611990246138
causing_death_or_serious_injury_unlawful_driving,PFA,40,-11.973244058305816,-11.973244058305816,-0.001547989330696105
causing_death_or_serious_injury_unlawful_driving,PFA,41,-12.013468101175638,-11.920637911785265,-0.006382263702505944
causing_death_or_serious_injury_unlawful_driving,PFA,42,-12.059239691875334,-11.861034557400394,-0.0029155100862414663
causing_death_or_serious_injury_unlawful_driving,PFA,43,-12.107785056489968,-12.02254078383071,-0.007403799833706888
common_assault,CSP,0,-6.716769951219318,-6.716769951219318,0.019746531047818035
common_assault,CSP,1,-6.656520274580032,-6.639569946282048,-0.002603113232104589
common_assault,CSP,2,-6.596846380995466,-6.613891521387692,0.029783330187143183
common_assault,CSP,3,-6.538324053520341,-6.60248727125394,0.01660319434237236
common_assault,CSP,4,-6.481529075209382,-6.481529075209382,-0.024486122468311916
common_assault,CSP,5,-6.427037229117308,-6.410086900819324,-0.05502852168383622
common_assault,CSP,6,-6.37542429829884,-6.392469438691065,-0.022331127927753085
common_assault,CSP,7,-6.327266065808698,-6.391429283542297,-0.0151978566423753
common_assault,CSP,8,-6.283138314701604,-6.283138314701604,0.004823856752495071
common_assault,CSP,9,-6.243605705247036,-6.2266553769490525,-0.021979387664156254
common_assault,CSP,10,-6.208800499438052,-6.225845639830277,0.0067476577068489646
common_assault,CSP,11,-6.178293258612825,-6.242456476346423,-0.009172495618997377
common_assault,CSP,12,-6.151617004709321,-6.151617004709321,0.023031463405781567
common_assault,CSP,13,-6.128304759665505,-6.111354431367521,0.02858066433546752
common_assault,CSP,14,-6.1078895454193445,-6.124934685811571,0.030676033383923003
common_assault,CSP,15,-6.089904383908807,-6.154067601642406,0.03842865302509418
common_assault,CSP,16,-6.073882297071857,-6.073882297071857,0.025540575463953486
common_assault,CSP,17,-6.059356306846463,-6.042405978548479,0.01978193711988213
common_assault,CSP,18,-6.045899383387653,-6.062944523779878,0.048541069117563417
common_assault,CSP,19,-6.033379739142169,-6.097542956875768,0.056789700105951295
common_assault,CSP,20,-6.021797915025772,-6.021797915025772,-0.132466562150833
common_assault,CSP,21,-6.011155076145112,-5.994204747847128,-0.0013499900537525616
common_assault,CSP,22,-6.001452387606839,-6.018497527999065,-0.10723239572868483
common_assault,CSP,23,-5.992691014517603,-6.056854232251202,-0.1576099223530666
common_assault,CSP,24,-5.984872121984055,-5.984872121984055,0.010883485333298797
common_assault,CSP,25,-5.9779968751128445,-5.961046546814861,0.04080340857402123
common_assault,CSP,26,-5.972066438187832,-5.989111578580057,0.05357959960820834
common_assault,CSP,27,-5.967081801060897,-6.031245018794496,0.05025459015267986
common_assault,CSP,28,-5.963043564403153,-5.963043564403153,0.05096886505406464
common_assault,CSP,29,-5.959952276226998,-5.943001947929014,0.03599731971884717
common_assault,CSP,30,-5.957808484544833,-5.974853624937059,0.0007233124957263816
common_assault,CSP,31,-5.956612737369058,-6.020775955102657,0.019093230430342254
common_assault,CSP,32,-5.956365582712072,-5.956365582712072,0.02411298070554469
common_assault,CSP,33,-5.957067568586278,-5.940117240288294,-0.01574106442114093
common_assault,CSP,34,-5.958719243004073,-5.9757643833962995,-0.012210623557607556
common_assault,CSP,35,-5.961317155597393,-6.025480373330992,-0.007944363783607506
common_assault,CSP,36,-5.964798028379294,-5.964798028379294,-0.01791590450550006
common_assault,CSP,37,-5.969052527943365,-5.952102199645381,-0.04553217520414102
common_assault,CSP,38,-5.973970136177867,-5.991015276570092,-0.022861793724141773
common_assault,CSP,39,-5.979440334971061,-6.04360355270466,-0.012486628772578664
common_assault,CSP,40,-5.985352606211209,-5.985352606211209,0.014685648669001647
common_assault,CSP,41,-5.991596431786574,-5.97464610348859,0.016819361049811715
common_assault,CSP,42,-5.998061293585414,-6.015106433977641,-0.003455237783566047
common_assault,CSP,43,-6.004636673495994,-6.068799891229593,0.021011711674942205
common_assault,PFA,0,-6.643141073422766,-6.643141073422766,0.03453312824003897
common_assault,PFA,1,-6.586986047433426,-6.566639076721816,0.014382396729421517
common_assault,PFA,2,-6.531329210388008,-6.550648464755966,0.01448138251370821
common_assault,PFA,3,-6.476668751230434,-6.543552127010222,0.0013406914245632667
common_assault,PFA,4,-6.423502858904629,-6.423502858904629,-0.03645644570862477
common_assault,PFA,5,-6.372329722354514,-6.351982751642904,-0.06480500275439326
common_assault,PFA,6,-6.323647530524011,-6.342966784891968,-0.023728446395784877
common_assault,PFA,7,-6.277954472357041,-6.344837848136828,-0.01011879483149532
common_assault,PFA,8,-6.235748736797529,-6.235748736797529,0.007093054753246783
common_assault,PFA,9,-6.197519516338806,-6.177172545627196,-0.02036778293088435
common_assault,PFA,10,-6.16340626645757,-6.182725520825527,0.016180100456767554
common_assault,PFA,11,-6.13309412187578,-6.199977497655568,-0.0014320792005300125
common_assault,PFA,12,-6.1062378542946645,-6.1062378542946645,0.024785361089050387
common_assault,PFA,13,-6.0824922354154465,-6.062145264703837,0.027956816363691364
common_assault,PFA,14,-6.06151203693935,-6.080831291307308,0.03422091720814691
common_assault,PFA,15,-6.042952030567602,-6.10983540634739,0.040424388760088414
common_assault,PFA,16,-6.026466988001426,-6.026466988001426,0.024717611480991344
common_assault,PFA,17,-6.011711680942047,-5.991364710230437,0.015218206829730956
common_assault,PFA,18,-5.998361875844169,-6.017681130212127,0.047739271211539445
common_assault,PFA,19,-5.986248503512418,-6.053131879292206,0.05667922420736038
common_assault,PFA,20,-5.975272039872322,-5.975272039872322,-0.1393277543865459
common_assault,PFA,21,-5.965333288892424,-5.944986318180814,-0.007264275849210264
common_assault,PFA,22,-5.9563330545412745,-5.975652308909232,-0.10887493533483093
common_assault,PFA,23,-5.948172140787418,-6.015055516567206,-0.1563479823762421
common_assault,PFA,24,-5.940751351599404,-5.940751351599404,0.012827389108749865
common_assault,PFA,25,-5.933971490945779,-5.913624520234169,0.04362351797111672
common_assault,PFA,26,-5.927733632144015,-5.947052886511973,0.06002771736544943
common_assault,PFA,27,-5.9219959504838275,-5.988879326263615,0.05303195184109764
common_assault,PFA,28,-5.91684402329676,-5.91684402329676,0.05328642063720875
common_assault,PFA,29,-5.912380666245605,-5.892033695533995,0.033446006372076335
common_assault,PFA,30,-5.90870869499315,-5.928027949361107,0.004019436382950285
common_assault,PFA,31,-5.905930925202185,-5.972814300981972,0.017760516360479667
common_assault,PFA,32,-5.904150172535501,-5.904150172535501,0.017738328134629475
common_assault,PFA,33,-5.903469252655885,-5.883122281944275,-0.024254608108436035
common_assault,PFA,34,-5.903990981226128,-5.923310235594086,-0.018718209679144556
common_assault,PFA,35,-5.905808835655206,-5.972692211434993,-0.010091581714224784
common_assault,PFA,36,-5.908876565406139,-5.908876565406139,-0.010850784391697389
common_assault,PFA,37,-5.913040357092462,-5.892693386380852,-0.029204210514223918
common_assault,PFA,38,-5.918143630437688,-5.9374628848056465,-0.018682027551598947
common_assault,PFA,39,-5.924029805165337,-5.990913180945125,-0.015329970949950408
common_assault,PFA,40,-5.930542300998924,-5.930542300998924,0.01081517344905061
common_assault,PFA,41,-5.937524537661963,-5.917177566950353,0.01116659386382762
common_assault,PFA,42,-5.944819934877969,-5.964139189245927,-0.00496958442006708
common_assault,PFA,43,-5.95227191237046,-6.019155288150247,0.023720125769187177
drug_trafficking,CSP,0,-9.215588910032018,-9.215588910032018,-0.024098882781278176
drug_trafficking,CSP,1,-9.233968825828269,-9.24979596665283,0.008359725025708385
drug_trafficking,CSP,2,-9.251305813835677,-9.263068136850405,0.03324114202652393
drug_trafficking,CSP,3,-9.266556946265414,-9.26791953894199,-0.0755001876549593
drug_trafficking,CSP,4,-9.278679295328638,-9.278679295328638,0.017827213594935144
drug_trafficking,CSP,5,-9.286629933236512,-9.302457074061072,0.0426920253234696
drug_trafficking,CSP,6,-9.289365932200196,-9.301128255214923,-0.034406878359112665
drug_trafficking,CSP,7,-9.285844364430854,-9.287206957107431,0.0706903540680694
drug_trafficking,CSP,8,-9.275022302139652,-9.275022302139652,-0.01956198686214196
drug_trafficking,CSP,9,-9.255887482195416,-9.271714623019978,0.04726328868334569
drug_trafficking,CSP,10,-9.228619730033921,-9.240382053048648,0.01674928031559116
drug_trafficking,CSP,11,-9.194947436303304,-9.19631002897988,0.03766430675611691
drug_trafficking,CSP,12,-9.156702484871335,-9.156702484871335,-0.03823222244866053
drug_trafficking,CSP,13,-9.11571675960578,-9.13154390043034,-0.03493138086601818
drug_trafficking,CSP,14,-9.073822144374413,-9.08558446738914,-0.06168560431913427
drug_trafficking,CSP,15,-9.03285052304501,-9.034213115721585,0.008899517011158455
drug_trafficking,CSP,16,-8.99463377948533,-8.99463377948533,-0.04907238191653644
drug_trafficking,CSP,17,-8.961003797563155,-8.976830938387717,-0.10205671705762027
drug_trafficking,CSP,18,-8.93354669578334,-8.945309018798067,-0.07066546166720628
drug_trafficking,CSP,19,-8.912032233015474,-8.913394825692048,-0.03842645890248469
drug_trafficking,CSP,20,-8.895416070364494,-8.895416070364494,0.12281615580787136
drug_trafficking,CSP,21,-8.882650028851552,-8.898477169676115,0.10663882082862869
drug_trafficking,CSP,22,-8.872685929497791,-8.88444825251252,0.1416328471378569
drug_trafficking,CSP,23,-8.864475593324363,-8.86583818600094,0.10625582948083792
drug_trafficking,CSP,24,-8.856970841352405,-8.856970841352405,0.06770645057683332
drug_trafficking,CSP,25,-8.84912349460307,-8.864950635427633,-0.08370715448140637
drug_trafficking,CSP,26,-8.839886662163822,-8.85164898517855,-0.060844104241222344
drug_trafficking,CSP,27,-8.828486523180928,-8.829849115857504,-0.06592558523133563
drug_trafficking,CSP,28,-8.814758512167744,-8.814758512167744,-0.11430645926373124
drug_trafficking,CSP,29,-8.798620499881789,-8.81444764070635,-0.041549303023119113
drug_trafficking,CSP,30,-8.779990357080582,-8.79175268009531,-0.010388276288712233
drug_trafficking,CSP,31,-8.758785954521642,-8.760148547198217,0.021238145884876058
drug_trafficking,CSP,32,-8.734925162962487,-8.734925162962487,0.03176426107261864
drug_trafficking,CSP,33,-8.708325853160638,-8.7241529939852,0.056209678485406374
drug_trafficking,CSP,34,-8.678905895873616,-8.690668218888343,-0.033928132762721885
drug_trafficking,CSP,35,-8.646598407188792,-8.647960999865369,-0.05308287064160717
drug_trafficking,CSP,36,-8.611564618499536,-8.611564618499536,-0.06976845766352668
drug_trafficking,CSP,37,-8.574141364813471,-8.589968505638032,-0.0023668896207938027
drug_trafficking,CSP,38,-8.534669998273001,-8.54643232128773,0.09590697035933754
drug_trafficking,CSP,39,-8.49349187102053,-8.494854463697104,0.09182292142246731
drug_trafficking,CSP,40,-8.450948335198452,-8.450948335198452,0.07409189765310026
drug_trafficking,CSP,41,-8.407380742949174,-8.423207883773735,0.0038128072959404983
drug_trafficking,CSP,42,-8.363130446415093,-8.37489276942982,-0.017391576996026236
drug_trafficking,CSP,43,-8.318538797738611,-8.319901390415188,-0.10165429425349987
drug_trafficking,PFA,0,-9.086597137862825,-9.086597137862825,-0.018404920827476468
drug_trafficking,PFA,1,-9.106471056134755,-9.12213619498986,0.011550083426019585
drug_trafficking,PFA,2,-9.125265989548868,-9.13841565059152,0.026720197223841318
drug_trafficking,PFA,3,-9.141902953247351,-9.140881038031484,-0.0744578962943698
drug_trafficking,PFA,4,-9.155302962372389,-9.155302962372389,0.010778815213619496
drug_trafficking,PFA,5,-9.16438703206616,-9.180052170921265,0.03726433321261598
drug_trafficking,PFA,6,-9.168076177470853,-9.181225838513503,-0.03426355615667938
drug_trafficking,PFA,7,-9.165291413728655,-9.164269498512786,0.08776088461392753
drug_trafficking,PFA,8,-9.154953755981742,-9.154953755981742,-0.02634690601190698
drug_trafficking,PFA,9,-9.13601661973279,-9.151681758587895,0.04456144792612727
drug_trafficking,PFA,10,-9.10869298449824,-9.121842645540893,0.011699449448525398
drug_trafficking,PFA,11,-9.074832047998955,-9.073810132783088,0.024287297208261404
drug_trafficking,PFA,12,-9.03639235917241,-9.03639235917241,-0.02644631280330714
drug_trafficking,PFA,13,-8.99533246695609,-9.010997605811195,-0.03473989254673266
drug_trafficking,PFA,14,-8.953610920287474,-8.966760581330126,-0.04753215455396646
drug_trafficking,PFA,15,-8.91318626810405,-8.912164352888183,0.0028297135101953245
drug_trafficking,PFA,16,-8.876017059343296,-8.876017059343296,-0.04476933195063181
drug_trafficking,PFA,17,-8.844061842942693,-8.859726981797799,-0.09168997823988244
drug_trafficking,PFA,18,-8.819000361313677,-8.832150022356329,-0.06518401870451533
drug_trafficking,PFA,19,-8.800451802386073,-8.799429887170206,-0.03089713156777197
drug_trafficking,PFA,20,-8.787111807472174,-8.787111807472174,0.1174255733005406
drug_trafficking,PFA,21,-8.777671661532292,-8.793336800387397,0.08769285344278197
drug_trafficking,PFA,22,-8.770822649526743,-8.783972310569395,0.11977878784098869
drug_trafficking,PFA,23,-8.765256056415847,-8.76423414119998,0.10500481575970724
drug_trafficking,PFA,24,-8.759663167159914,-8.759663167159914,0.05934396006570738
drug_trafficking,PFA,25,-8.752735266719267,-8.768400405574372,-0.07654293669830078
drug_trafficking,PFA,26,-8.743165672039952,-8.756315333082604,-0.055218722292150274
drug_trafficking,PFA,27,-8.730078481043579,-8.729056565827712,-0.05578443532092187
drug_trafficking,PFA,28,-8.713558920903816,-8.713558920903816,-0.11093635708979173
drug_trafficking,PFA,29,-8.693822265881302,-8.709487404736407,-0.03549450450199532
drug_trafficking,PFA,30,-8.671083790236663,-8.684233451279313,-9.898066928523915e-05
drug_trafficking,PFA,31,-8.645558768230536,-8.64453685301467,0.02418516265799187
drug_trafficking,PFA,32,-8.617462474123553,-8.617462474123553,0.035676907388564355
drug_trafficking,PFA,33,-8.587010182176346,-8.602675321031452,0.05711435413855601
drug_trafficking,PFA,34,-8.554417166649547,-8.567566827692197,-0.05479721013600506
drug_trafficking,PFA,35,-8.519898651491586,-8.518876736275718,-0.06812369641250667
drug_trafficking,PFA,36,-8.483669107831231,-8.483669107831231,-0.07863429321211483
drug_trafficking,PFA,37,-8.445942427275186,-8.461607566130292,-0.006053422848949569
drug_trafficking,PFA,38,-8.406932486522836,-8.420082147565488,0.1046391942602389
drug_trafficking,PFA,39,-8.366853162273564,-8.365831247057697,0.1091281250191094
drug_trafficking,PFA,40,-8.325918331226756,-8.325918331226756,0.08140653236813482
drug_trafficking,PFA,41,-8.284341870081793,-8.300007008936898,0.006557231817203108
drug_trafficking,PFA,42,-8.242337655538062,-8.255487316580714,-0.007974416250827709
drug_trafficking,PFA,43,-8.200119564294948,-8.19909764907908,-0.12128045259160142
firearms_offences,CSP,0,-10.945310949672635,-10.945310949672635,0.01818131060042857
firearms_offences,CSP,1,-10.916586342209193,-10.886302726595472,-0.03971938611270659
firearms_offences,CSP,2,-10.887547218627367,-10.915060313825315,0.02611244129319425
firearms_offences,CSP,3,-10.857879062808783,-10.880246188641978,-0.019808935666933227
firearms_offences,CSP,4,-10.827267358635059,-10.827267358635059,0.004737057374645087
firearms_offences,CSP,5,-10.795397589987813,-10.765113974374094,0.07729893533461454
firearms_offences,CSP,6,-10.76195524074867,-10.789468335946617,-0.012663035580775858
firearms_offences,CSP,7,-10.726625794799244,-10.748992920632439,-0.07723275863909357
firearms_offences,CSP,8,-10.68909473602116,-10.68909473602116,-0.03024571581394143
firearms_offences,CSP,9,-10.649064743546028,-10.618781127932307,0.040728032251616
firearms_offences,CSP,10,-10.606906961848884,-10.634420057046832,-0.0943786506058352
firearms_offences,CSP,11,-10.563860895529347,-10.58622802136254,0.0637135252552198
firearms_offences,CSP,12,-10.521224083155756,-10.521224083155756,0.09154316494039058
firearms_offences,CSP,13,-10.48029406329645,-10.450010447682729,0.0318624814422553
firearms_offences,CSP,14,-10.44236837451977,-10.469881469717718,-0.016085084862163607
firearms_offences,CSP,15,-10.408744555394055,-10.431111681227248,-0.0550707362207502
firearms_offences,CSP,16,-10.38072014448764,-10.38072014448764,-0.062332285999171747
firearms_offences,CSP,17,-10.359592680368866,-10.329309064755147,-0.062078765695304614
firearms_offences,CSP,18,-10.3464461147156,-10.373959209913549,0.1577742585036305
firearms_offences,CSP,19,-10.340785858593295,-10.363152984426488,-0.09456230202626327
firearms_offences,CSP,20,-10.3414098164927,-10.3414098164927,0.08007665614969374
firearms_offences,CSP,21,-10.347112555609405,-10.316828939995686,0.18558724165399978
firearms_offences,CSP,22,-10.356688643139005,-10.384201738336955,0.03210925690580396
firearms_offences,CSP,23,-10.368932646277091,-10.391299772110285,-0.16865402085816553
firearms_offences,CSP,24,-10.382639132219252,-10.382639132219252,-0.2014261896403743
firearms_offences,CSP,25,-10.396602668161075,-10.366319052547354,-0.11594613643912376
firearms_offences,CSP,26,-10.409619742632367,-10.437132837830315,0.07169236025350617
firearms_offences,CSP,27,-10.420894167016016,-10.443261292849211,0.08851581457879293
firearms_offences,CSP,28,-10.430538543777505,-10.430538543777505,0.0639132621934999
firearms_offences,CSP,29,-10.43878844077193,-10.408504825158209,-0.11793134917621267
firearms_offences,CSP,30,-10.445879425854375,-10.473392521052324,-0.07930526378829901
firearms_offences,CSP,31,-10.45204706687994,-10.474414192713136,0.1312714689401198
firearms_offences,CSP,32,-10.457526931703718,-10.457526931703718,0.1218026735467829
firearms_offences,CSP,33,-10.462554588180799,-10.432270972567078,0.17800383125542926
firearms_offences,CSP,34,-10.467365604166275,-10.494878699364225,0.04461260275250068
firearms_offences,CSP,35,-10.472186593402437,-10.49455371923563,0.11049377945079009
firearms_offences,CSP,36,-10.477110189573278,-10.477110189573278,-0.04870683018524686
firearms_offences,CSP,37,-10.482125888248618,-10.451842272634897,-0.14332512833831895
firearms_offences,CSP,38,-10.487220531927814,-10.514733627125764,-0.2050159714643626
firearms_offences,CSP,39,-10.492380963110223,-10.514748088943417,-0.14530263570423563
firearms_offences,CSP,40,-10.4975940242952,-10.4975940242952,-0.03701013267798786
firearms_offences,CSP,41,-10.50284655798211,-10.47256294236839,-0.029539070245855212
firearms_offences,CSP,42,-10.5081254066703,-10.535638501868249,0.07892251833109559
firearms_offences,CSP,43,-10.513417412859138,-10.535784538692333,0.1583605614803515
firearms_offences,PFA,0,-10.855257245117423,-10.855257245117423,0.014994827187720087
firearms_offences,PFA,1,-10.82323912110534,-10.791287081526788,-0.02556025215952802
firearms_offences,PFA,2,-10.791047327996523,-10.81607716712509,0.009321193769477728
firearms_offences,PFA,3,-10.758508196694246,-10.78914274729158,-0.005987404477198835
firearms_offences,PFA,4,-10.725448058101776,-10.725448058101776,-0.0004196957650872225
firearms_offences,PFA,5,-10.691693243122382,-10.659741203543831,0.08309435588726415
firearms_offences,PFA,6,-10.657070082659333,-10.6820999217879,-0.025676731272301617
firearms_offences,PFA,7,-10.621404907615899,-10.652039458213233,-0.09541182579985484
firearms_offences,PFA,8,-10.58452404889535,-10.58452404889535,-0.0016298290911505805
firearms_offences,PFA,9,-10.546267251136685,-10.514315211558134,0.025141142342900567
firearms_offences,PFA,10,-10.506995717955599,-10.532025557084166,-0.08019957410268427
firearms_offences,PFA,11,-10.467748046622377,-10.498382597219711,0.05619336765319211
firearms_offences,PFA,12,-10.42960810576542,-10.42960810576542,0.08831523899122065
firearms_offences,PFA,13,-10.393659764013117,-10.361707724434567,0.030179838440302347
firearms_offences,PFA,14,-10.36098688999387,-10.386016729122437,-0.010863407026099696
firearms_offences,PFA,15,-10.332673352336066,-10.3633079029334,-0.03773410600158583
firearms_offences,PFA,16,-10.30980301966811,-10.30980301966811,-0.08778100222186228
firearms_offences,PFA,17,-10.293459760618386,-10.261507721039836,-0.04953685480380754
firearms_offences,PFA,18,-10.284531604821872,-10.30956144395044,0.17979423727689706
firearms_offences,PFA,19,-10.282459209352751,-10.313093759950085,-0.10720114385682998
firearms_offences,PFA,20,-10.286034514619494,-10.286034514619494,0.09326691047708145
firearms_offences,PFA,21,-10.294046401046295,-10.262094361467744,0.16362438575942811
firearms_offences,PFA,22,-10.305283749057349,-10.330313588185916,0.02399887468584673
firearms_offences,PFA,23,-10.318535439076848,-10.349169989674182,-0.16614797421314206
firearms_offences,PFA,24,-10.33259035152899,-10.33259035152899,-0.20728803693106834
firearms_offences,PFA,25,-10.346237366837975,-10.314285327259425,-0.125973178619644
firearms_offences,PFA,26,-10.358267558236854,-10.383297397365421,0.0649342571205462
firearms_offences,PFA,27,-10.367936874438572,-10.398571425035906,0.0769392501707896
firearms_offences,PFA,28,-10.375538462750301,-10.375538462750301,0.08610403555750545
firearms_offences,PFA,29,-10.381505810246733,-10.349553770668182,-0.08372564558615202
firearms_offences,PFA,30,-10.386272404002554,-10.411302243131122,-0.07336594398672429
firearms_offences,PFA,31,-10.390271731092454,-10.420906281689788,0.12879409594941202
firearms_offences,PFA,32,-10.393937278591117,-10.393937278591117,0.1071589431803232
firearms_offences,PFA,33,-10.397702533573236,-10.365750493994685,0.17342032963311152
firearms_offences,PFA,34,-10.402000983113494,-10.427030822242061,0.0394413701630689
firearms_offences,PFA,35,-10.40724573633879,-10.437880286936124,0.11775667688620724
firearms_offences,PFA,36,-10.413544987898009,-10.413544987898009,-0.04970140975360423
firearms_offences,PFA,37,-10.420772208671055,-10.388820169092504,-0.1502498587152554
firearms_offences,PFA,38,-10.428794831627384,-10.453824670755951,-0.19465602277664035
firearms_offences,PFA,39,-10.437480289736444,-10.468114840333778,-0.15031783349388003
firearms_offences,PFA,40,-10.446696015967696,-10.446696015967696,-0.04200595603902316
firearms_offences,PFA,41,-10.456309443290586,-10.424357403712035,-0.03498995940971156
firearms_offences,PFA,42,-10.466188004674573,-10.49121784380314,0.07067855214814577
firearms_offences,PFA,43,-10.476199133089102,-10.506833683686436,0.17423017743570116
homicide,CSP,0,-12.47156888611742,-12.47156888611742,0.006863275973717259
homicide,CSP,1,-12.45505045445537,-12.445380494249395,-0.02993117460042644
homicide,CSP,2,-12.43893713427102,-12.439890630777047,0.03182895173590235
homicide,CSP,3,-12.423634037042078,-12.436242435139926,-0.00677293065714136
homicide,CSP,4,-12.409546274246246,-12.409546274246246,0.08347676621868846
homicide,CSP,5,-12.397078957361233,-12.387408997155259,-0.07109181035911247
homicide,CSP,6,-12.386637197864738,-12.387590694370765,-0.038116485333812976
homicide,CSP,7,-12.378626107234464,-12.391234505332314,0.03181961767388689
homicide,CSP,8,-12.373450796948115,-12.373450796948115,-0.022443811555170192
homicide,CSP,9,-12.371504499764198,-12.361834539558224,-0.062654032163539
homicide,CSP,10,-12.372718663232225,-12.373672159738252,-0.024147247101883856
homicide,CSP,11,-12.376424859582002,-12.38903325767985,0.08662786873374653
homicide,CSP,12,-12.381914570366034,-12.381914570366034,0.00693438722576638
homicide,CSP,13,-12.38847927713682,-12.378809316930846,0.04843065097975154
homicide,CSP,14,-12.39541046144686,-12.396363957952884,-0.0008049763933959688
homicide,CSP,15,-12.401999604848651,-12.4146080029465,-0.018810240517111835
homicide,CSP,16,-12.407538188894696,-12.407538188894696,-0.012051268482911215
homicide,CSP,17,-12.411317695137496,-12.401647734931522,0.0043366743581537675
homicide,CSP,18,-12.412752359696317,-12.413705856202341,0.03024324873723985
homicide,CSP,19,-12.412163651660416,-12.424772049758264,0.03308118811713809
homicide,CSP,20,-12.410279664621468,-12.410279664621468,-0.016474262157570682
homicide,CSP,21,-12.40783041021125,-12.398160450005276,-0.05823488149641189
homicide,CSP,22,-12.405545900061536,-12.406499396567563,-0.03875002860271728
homicide,CSP,23,-12.404156145804107,-12.416764543901955,-0.072650471059747
homicide,CSP,24,-12.404391159070734,-12.404391159070734,0.04127961666674989
homicide,CSP,25,-12.406980951493198,-12.397310991287224,0.043291366399586244
homicide,CSP,26,-12.41265359778904,-12.413607094295067,0.019482988660363992
homicide,CSP,27,-12.421726546857967,-12.434334944955815,0.0044255747507902805
homicide,CSP,28,-12.433601087166503,-12.433601087166503,-0.02304107381742023
homicide,CSP,29,-12.447554544670128,-12.437884584464154,0.061552888155352724
homicide,CSP,30,-12.462864245324322,-12.463817741830349,0.015324506151998173
homicide,CSP,31,-12.478807515084567,-12.491415913182415,-0.05505340382208817
homicide,CSP,32,-12.494661679906343,-12.494661679906343,-0.00296582513317388
homicide,CSP,33,-12.509704065745126,-12.500034105539152,0.03686774214446692
homicide,CSP,34,-12.523211998556402,-12.524165495062428,-0.014196046169083616
homicide,CSP,35,-12.534499479059022,-12.54710787715687,-0.028373088016445558
homicide,CSP,36,-12.543429271097882,-12.543429271097882,-0.0040168656349167135
homicide,CSP,37,-12.550286577458966,-12.540616617252992,0.002758611765273371
homicide,CSP,38,-12.555367467524817,-12.556320964030842,0.02459040560500587
homicide,CSP,39,-12.558968010677969,-12.571576408775817,0.015697980547790823
homicide,CSP,40,-12.561384276300965,-12.561384276300965,-0.053403886176507126
homicide,CSP,41,-12.562912333776342,-12.553242373570368,0.019121808255202277
homicide,CSP,42,-12.563848252486643,-12.56480174899267,-0.006148650996461486
homicide,CSP,43,-12.564488101814405,-12.577096499912253,0.011888879080381843
homicide,PFA,0,-12.945691758981887,-12.945691758981887,0.08838661256751568
homicide,PFA,1,-12.922160611661235,-12.921512844305305,-0.09059915234097732
homicide,PFA,2,-12.899087744470599,-12.930759442822236,-0.01305524763686947
homicide,PFA,3,-12.876931437540003,-12.95289496338142,0.057228166313528804
homicide,PFA,4,-12.856149970999459,-12.856149970999459,0.11871293122627578
homicide,PFA,5,-12.837201624978988,-12.836553857623057,-0.1592605924415555
homicide,PFA,6,-12.820544679608608,-12.852216377960243,-0.16561295261708578
homicide,PFA,7,-12.806637415018336,-12.882600940859753,0.0956678259485864
homicide,PFA,8,-12.795938111338192,-12.795938111338192,0.019613655317994857
homicide,PFA,9,-12.788893634663403,-12.788245867307472,-0.040630584358849246
homicide,PFA,10,-12.785507130486804,-12.817178828838442,-0.015661767044513712
homicide,PFA,11,-12.785205335544415,-12.861168861385831,0.10870952539197887
homicide,PFA,12,-12.787376464204844,-12.787376464204844,-0.030983664437454265
homicide,PFA,13,-12.791408730836702,-12.790760963480771,0.08879053416683078
homicide,PFA,14,-12.7966903498086,-12.828362048160235,-0.006844153526233919
homicide,PFA,15,-12.802609535489147,-12.878573061330563,-0.03711693397093507
homicide,PFA,16,-12.808554502246949,-12.808554502246949,-0.026114423376030135
homicide,PFA,17,-12.813913464450621,-12.81326569709469,0.04581655116802824
homicide,PFA,18,-12.818169115592166,-12.849840813943802,0.11158836369336017
homicide,PFA,19,-12.821502408934922,-12.897465934776339,0.04946276202966259
homicide,PFA,20,-12.824407259838477,-12.824407259838477,-0.04862939207049713
homicide,PFA,21,-12.827379059898709,-12.826731292542778,-0.21432222340565996
homicide,PFA,22,-12.830913200711512,-12.862584899063148,-0.09849726388074566
homicide,PFA,23,-12.83550507387277,-12.911468599714187,-0.09609012054465572
homicide,PFA,24,-12.84165007097837,-12.84165007097837,0.10529919219416028
homicide,PFA,25,-12.849843583624194,-12.849195816268264,0.0839648676284989
homicide,PFA,26,-12.860579664902108,-12.892251363253743,0.14781998496711785
homicide,PFA,27,-12.874068605050159,-12.950032130891575,0.01624327181502835
homicide,PFA,28,-12.889887581901439,-12.889887581901439,-0.020501569284436364
homicide,PFA,29,-12.907528109031283,-12.906880341675352,0.06800537124700866
homicide,PFA,30,-12.926481700015026,-12.958153398366663,-0.0334209631311331
homicide,PFA,31,-12.946239868428005,-13.022203394269422,-0.22202642441565362
homicide,PFA,32,-12.966294127845558,-12.966294127845558,-0.02213968866872029
homicide,PFA,33,-12.986135991843021,-12.98548822448709,0.12926058096203602
homicide,PFA,34,-13.005256973995728,-13.036928672347365,-0.004019124345258822
homicide,PFA,35,-13.02317289100219,-13.099136416843606,-0.04037096654957047
homicide,PFA,36,-13.039763206292845,-13.039763206292845,0.03112761812077997
homicide,PFA,37,-13.055187319272454,-13.054539551916523,0.12663016311916833
homicide,PFA,38,-13.069611830271166,-13.101283528622801,-0.03364546059841221
homicide,PFA,39,-13.083203339619134,-13.15916686546055,0.06175050125952844
homicide,PFA,40,-13.096128447646505,-13.096128447646505,-0.20228436624577578
homicide,PFA,41,-13.108553754683427,-13.107905987327497,-0.050556073165190576
homicide,PFA,42,-13.120645861060051,-13.152317559411689,0.1048488743863215
homicide,PFA,43,-13.132571367106527,-13.208534892947943,0.012374275146115069
most_serious_violence,CSP,0,-9.22574590704438,-9.22574590704438,0.035543882620777845
most_serious_violence,CSP,1,-9.175845346838228,-9.142184193515877,-0.02649044653805935
most_serious_violence,CSP,2,-9.126569154155117,-9.16182052179153,0.07329977628019108
most_serious_violence,CSP,3,-9.078541696518098,-9.19294556040611,-0.00040661575784887804
most_serious_violence,CSP,4,-9.03238734145021,-9.03238734145021,-0.038829533681574546
most_serious_violence,CSP,5,-8.988730456474503,-8.955069303152152,-0.0732736694702176
most_serious_violence,CSP,6,-8.94819540911402,-8.983446776750432,-0.027298746097814994
most_serious_violence,CSP,7,-8.9114065668918,-9.025810430779812,-0.011615802334824718
most_serious_violence,CSP,8,-8.878988297330897,-8.878988297330897,-0.010616344546215127
most_serious_violence,CSP,9,-8.851553350335289,-8.817892197012938,-0.025019390243976307
most_serious_violence,CSP,10,-8.829262840867997,-8.86451420850441,0.019275043946870688
most_serious_violence,CSP,11,-8.811691194129503,-8.926095058017516,0.010764440519521927
most_serious_violence,CSP,12,-8.79837362585596,-8.79837362585596,0.04344804695816925
most_serious_violence,CSP,13,-8.788845351783522,-8.755184198461171,0.04697348863963904
most_serious_violence,CSP,14,-8.782641587648337,-8.81789295528475,0.0450686504343754
most_serious_violence,CSP,15,-8.77929754918656,-8.893701413074572,0.03852986154703928
most_serious_violence,CSP,16,-8.778348452134344,-8.778348452134344,0.0015844384667004232
most_serious_violence,CSP,17,-8.779329512227841,-8.74566835890549,-0.013389756932451011
most_serious_violence,CSP,18,-8.781774183413276,-8.817025551049689,0.010987352077714124
most_serious_violence,CSP,19,-8.78520289890816,-8.899606762796173,0.0045069385478353294
most_serious_violence,CSP,20,-8.78913025600087,-8.78913025600087,-0.136477610147287
most_serious_violence,CSP,21,-8.793070824451805,-8.759409671129454,0.07033559530749954
most_serious_violence,CSP,22,-8.796539174021374,-8.831790541657787,-0.1055543805865517
most_serious_violence,CSP,23,-8.799049874469981,-8.913453738357992,-0.09861241259743439
most_serious_violence,CSP,24,-8.800117495558025,-8.800117495558025,0.038529139003051306
most_serious_violence,CSP,25,-8.799256607045917,-8.765595453723567,0.0505758012130928
most_serious_violence,CSP,26,-8.795983164395219,-8.831234532031631,0.06602717120707077
most_serious_violence,CSP,27,-8.790106891713823,-8.904510755601834,0.025433269372171167
most_serious_violence,CSP,28,-8.782092949759205,-8.782092949759205,0.03249674190629296
most_serious_violence,CSP,29,-8.772495184163205,-8.738834030840854,0.01224259137597894
most_serious_violence,CSP,30,-8.761867440557662,-8.797118808194075,-0.011962805122597401
most_serious_violence,CSP,31,-8.750763564574415,-8.865167428462428,0.007249630780888534
most_serious_violence,CSP,32,-8.739737401845304,-8.739737401845304,-0.01570925255197506
most_serious_violence,CSP,33,-8.729342798002165,-8.695681644679814,-0.04620518922335884
most_serious_violence,CSP,34,-8.72013359867684,-8.755384966313253,-0.040714616780507154
most_serious_violence,CSP,35,-8.712635503106968,-8.827039366994981,0.011535739002838035
most_serious_violence,CSP,36,-8.706953057076264,-8.706953057076264,0.03208985649258395
most_serious_violence,CSP,37,-8.702866601605644,-8.669205448283293,0.0174051771032369
most_serious_violence,CSP,38,-8.700148138043668,-8.73539950568008,-0.003111133893102669
most_serious_violence,CSP,39,-8.69856966773889,-8.812973531626902,-0.00643460338348812
most_serious_violence,CSP,40,-8.697903192039876,-8.697903192039876,0.01621337680999205
most_serious_violence,CSP,41,-8.697920712295183,-8.664259558972832,-0.014268500157149675
most_serious_violence,CSP,42,-8.698394229853369,-8.733645597489781,-0.021845479271489856
most_serious_violence,CSP,43,-8.699095746062998,-8.81349960995101,0.018178304475862064
most_serious_violence,PFA,0,-9.131457154643336,-9.131457154643336,0.039934545053104044
most_serious_violence,PFA,1,-9.084048675447475,-9.047222298934315,-0.009644911731598762
most_serious_violence,PFA,2,-9.03724217202369,-9.075713793242132,0.062195906354140955
most_serious_violence,PFA,3,-8.991639620144058,-9.10461539903037,-0.0017032487478190004
most_serious_violence,PFA,4,-8.947842995580656,-8.947842995580656,-0.05460003603385959
most_serious_violence,PFA,5,-8.906454274105561,-8.869627897592402,-0.08035429661010741
most_serious_violence,PFA,6,-8.868075431490853,-8.906547052709293,-0.03347008737706045
most_serious_violence,PFA,7,-8.833308443508605,-8.946284222394917,-0.009418533341998051
most_serious_violence,PFA,8,-8.802755285930893,-8.802755285930893,0.002299888804254432
most_serious_violence,PFA,9,-8.777006542024026,-8.740180165510868,-0.022871027761038904
most_serious_violence,PFA,10,-8.756209911392462,-8.794681532610902,0.02378357854374992
most_serious_violence,PFA,11,-8.73993777209923,-8.852913550985543,0.016767160433132252
most_serious_violence,PFA,12,-8.72772405250038,-8.72772405250038,0.04413829200371584
most_serious_violence,PFA,13,-8.719102680951961,-8.682276304438801,0.042325054432415736
most_serious_violence,PFA,14,-8.713607585810022,-8.752079207028462,0.04406057479654494
most_serious_violence,PFA,15,-8.710772695430618,-8.82374847431693,0.03787814902281537
most_serious_violence,PFA,16,-8.710131938169798,-8.710131938169798,-0.0044152153667059565
most_serious_violence,PFA,17,-8.711219242383608,-8.674392865870448,-0.0049383338532275
most_serious_violence,PFA,18,-8.713571526645417,-8.752043147863855,0.009668970218586287
most_serious_violence,PFA,19,-8.716747809103405,-8.829723587989717,0.002839452967578213
most_serious_violence,PFA,20,-8.720317013000606,-8.720317013000606,-0.13584823307003727
most_serious_violence,PFA,21,-8.723848108302201,-8.687021731789041,0.06186947023555492
most_serious_violence,PFA,22,-8.726910064973366,-8.765381686191805,-0.10147075285300601
most_serious_violence,PFA,23,-8.729071852979278,-8.84204763186559,-0.09958203439161827
most_serious_violence,PFA,24,-8.729902442285116,-8.729902442285116,0.03732742115020546
most_serious_violence,PFA,25,-8.728970802856061,-8.692144426342901,0.05484112395662354
most_serious_violence,PFA,26,-8.72584714657904,-8.76431876779748,0.06914931206659786
most_serious_violence,PFA,27,-8.720364972752492,-8.833340751638804,0.02344698135328878
most_serious_violence,PFA,28,-8.71294520966373,-8.71294520966373,0.03557007571907796
most_serious_violence,PFA,29,-8.704088268592221,-8.667261892079061,0.010387448256529779
most_serious_violence,PFA,30,-8.694294560817434,-8.732766182035874,-0.007784959193885016
most_serious_violence,PFA,31,-8.68406449761884,-8.797040276505152,0.0043467480171062835
most_serious_violence,PFA,32,-8.673898490275903,-8.673898490275903,-0.01818676066052323
most_serious_violence,PFA,33,-8.66429695006809,-8.62747057355493,-0.0554390893895984
most_serious_violence,PFA,34,-8.655760288274873,-8.694231909493311,-0.041784876534313384
most_serious_violence,PFA,35,-8.648763511096236,-8.761739289982549,0.014786334749085158
most_serious_violence,PFA,36,-8.643401489468827,-8.643401489468827,0.036889026093626605
most_serious_violence,PFA,37,-8.63947646545083,-8.602650088937668,0.02067269445387425
most_serious_violence,PFA,38,-8.636783153669471,-8.675254774887911,0.0015785816045357259
most_serious_violence,PFA,39,-8.635116268751975,-8.748092047638288,-0.009593846819879685
most_serious_violence,PFA,40,-8.634270525325576,-8.634270525325576,0.015031636552197204
most_serious_violence,PFA,41,-8.634040638017495,-8.597214261504336,-0.017356035991909886
most_serious_violence,PFA,42,-8.634221321454959,-8.6726929426734,-0.02230875985417143
most_serious_violence,PFA,43,-8.634607290265198,-8.74758306915151,0.019455960364908254
other_theft,CSP,0,-6.704771145716615,-6.704771145716615,0.11003437315835338
other_theft,CSP,1,-6.6772013212989805,-6.632842820714465,0.026317825086937648
other_theft,CSP,2,-6.650479927824655,-6.6525328183903545,-0.03988739364419749
other_theft,CSP,3,-6.625455396236952,-6.703405907009427,-0.05840362652563305
other_theft,CSP,4,-6.602976157479178,-6.602976157479178,-0.029542258798299848
other_theft,CSP,5,-6.583890642494648,-6.539532141910133,-0.03243501007443873
other_theft,CSP,6,-6.56904728222667,-6.571100172792368,-0.06564025338400556
other_theft,CSP,7,-6.559294507618553,-6.637245018391027,-0.02807802763716526
other_theft,CSP,8,-6.55548074961361,-6.55548074961361,0.004209694316632738
other_theft,CSP,9,-6.558433748915602,-6.514075248331088,-0.013168938378675511
other_theft,CSP,10,-6.568176913165917,-6.570229803731617,-0.029817828523516193
other_theft,CSP,11,-6.583688792908827,-6.6616393036813015,-0.01166085529421039
other_theft,CSP,12,-6.6038781091301395,-6.6038781091301395,0.044697080621383826
other_theft,CSP,13,-6.627653582815657,-6.5832950822311425,0.04525399723521644
other_theft,CSP,14,-6.653923934951185,-6.655976825516884,0.046554059966424755
other_theft,CSP,15,-6.681597886522529,-6.759548397295004,0.11254799880954529
other_theft,CSP,16,-6.709584158515493,-6.709584158515493,0.12984564708374385
other_theft,CSP,17,-6.736791471915882,-6.6924329713313675,0.08983189926657034
other_theft,CSP,18,-6.762195120245021,-6.764248010810721,0.07989799389697536
other_theft,CSP,19,-6.785262409669569,-6.863212920442043,0.06923550330385811
other_theft,CSP,20,-6.805681167880096,-6.805681167880096,-0.3041474346694841
other_theft,CSP,21,-6.823140262763041,-6.778781762178526,-0.09198497537062357
other_theft,CSP,22,-6.837328562204843,-6.839381452770541,-0.15099185569218534
other_theft,CSP,23,-6.8479349340919375,-6.925885444864412,-0.21785906978692055
other_theft,CSP,24,-6.854648246310764,-6.854648246310764,-0.06653581555051838
other_theft,CSP,25,-6.857157366747759,-6.812798866163245,-0.0033887899135658017
other_theft,CSP,26,-6.855153352983007,-6.857206243548706,0.06309161673226711
other_theft,CSP,27,-6.848791477649026,-6.926741988421501,0.09551424108902762
other_theft,CSP,28,-6.839262738471749,-6.839262738471749,0.14260173480344115
other_theft,CSP,29,-6.8278982735702956,-6.783539772985781,0.09891332036844287
other_theft,CSP,30,-6.816029221063788,-6.818082111629487,0.09940998700905267
other_theft,CSP,31,-6.804986719071346,-6.8829372298438205,0.09424103061710323
other_theft,CSP,32,-6.796101905712091,-6.796101905712091,0.04206840365090555
other_theft,CSP,33,-6.790705919105143,-6.746347418520628,-0.00435268307583753
other_theft,CSP,34,-6.790129897369623,-6.792182787935323,0.00453685038914738
other_theft,CSP,35,-6.795629079966716,-6.87357959073919,-0.07139212464506091
other_theft,CSP,36,-6.807323037549962,-6.807323037549962,-0.07855972377063514
other_theft,CSP,37,-6.824457100675926,-6.780098600091412,-0.11873128616815026
other_theft,CSP,38,-6.846254111409935,-6.848307001975634,-0.0645301664683561
other_theft,CSP,39,-6.871936911817314,-6.949887422589788,-0.05731279102159728
other_theft,CSP,40,-6.90072834396339,-6.90072834396339,0.007955598128621715
other_theft,CSP,41,-6.931851249913489,-6.887492749328974,0.007213701602454547
other_theft,CSP,42,-6.964528471732935,-6.966581362298634,0.05365339699986461
other_theft,CSP,43,-6.9979828514870555,-7.07593336225953,0.07140094418552269
other_theft,PFA,0,-6.617669962265558,-6.617669962265558,0.1190651522366148
other_theft,PFA,1,-6.596183373098805,-6.545434358607172,0.03726048211105205
other_theft,PFA,2,-6.575367400543957,-6.567842700136706,-0.046710449801127665
other_theft,PFA,3,-6.555892661212919,-6.626787978458838,-0.07034501247928873
other_theft,PFA,4,-6.538429771717598,-6.538429771717598,-0.037253406803438034
other_theft,PFA,5,-6.523649348669898,-6.472900334178265,-0.03923561816245133
other_theft,PFA,6,-6.512222008681724,-6.504697308274473,-0.06658993796837141
other_theft,PFA,7,-6.504818368364984,-6.575713685610903,-0.026544881225747233
other_theft,PFA,8,-6.50210904433158,-6.50210904433158,0.011074349200164077
other_theft,PFA,9,-6.504750269987644,-6.454001255496012,-0.012696761069378575
other_theft,PFA,10,-6.512839131614824,-6.505314431207573,-0.028141838696771754
other_theft,PFA,11,-6.525746363603151,-6.5966416808490695,-0.011463390517165325
other_theft,PFA,12,-6.54279415702317,-6.54279415702317,0.045497409848327314
other_theft,PFA,13,-6.563304702945424,-6.512555688453791,0.04540068545728532
other_theft,PFA,14,-6.586600192440458,-6.5790754920332075,0.04548312431445803
other_theft,PFA,15,-6.612002816578816,-6.682898133824734,0.1171361115147883
other_theft,PFA,16,-6.6388347664310405,-6.6388347664310405,0.13883357046384154
other_theft,PFA,17,-6.666418233067677,-6.615669218576044,0.09437352054701414
other_theft,PFA,18,-6.69405351065578,-6.68652881024853,0.09009709813624549
other_theft,PFA,19,-6.720879061560045,-6.791774378805964,0.07901610210370474
other_theft,PFA,20,-6.745960814652358,-6.745960814652358,-0.33368180401009306
other_theft,PFA,21,-6.768364356665488,-6.717615342173855,-0.1024842608854617
other_theft,PFA,22,-6.787155274332202,-6.779630573924951,-0.16325990124089185
other_theft,PFA,23,-6.801399154385271,-6.872294471631189,-0.2397434442671147
other_theft,PFA,24,-6.810161583557461,-6.810161583557461,-0.059863509266692184
other_theft,PFA,25,-6.812508148581542,-6.761759134089909,0.012093903581936334
other_theft,PFA,26,-6.8075084493605535,-6.799983748953303,0.08367308378172036
other_theft,PFA,27,-6.79508287789481,-6.865978195140729,0.10661912297839606
other_theft,PFA,28,-6.777050055722416,-6.777050055722416,0.15392489324694753
other_theft,PFA,29,-6.755485447278772,-6.704736432787139,0.10199961327777779
other_theft,PFA,30,-6.732464516999276,-6.724939816592024,0.10415798227407054
other_theft,PFA,31,-6.710062729319323,-6.7809580465652415,0.08132043261260048
other_theft,PFA,32,-6.690355548674312,-6.690355548674312,0.025287016250264745
other_theft,PFA,33,-6.675418439499641,-6.6246694250080065,-0.03306716073455099
other_theft,PFA,34,-6.667326866230705,-6.6598021658234545,-0.02960298154345456
other_theft,PFA,35,-6.668040757664608,-6.7389360749105265,-0.053729497710672564
other_theft,PFA,36,-6.6777912871217175,-6.6777912871217175,-0.05496893667753288
other_theft,PFA,37,-6.695478828533137,-6.644729814041503,-0.09916939101227056
other_theft,PFA,38,-6.719969523048249,-6.7124448226409985,-0.04467201174720629
other_theft,PFA,39,-6.750129511816439,-6.821024829062358,-0.05282337321745141
other_theft,PFA,40,-6.784824935987089,-6.784824935987089,-0.005150272343824786
other_theft,PFA,41,-6.822921936709587,-6.772172922217954,-0.0005244380439392801
other_theft,PFA,42,-6.863286655133317,-6.8557619547260655,0.05180438330820895
other_theft,PFA,43,-6.9047852324076615,-6.97568054965358,0.06815972178689057
rape,CSP,0,-8.965248188539288,-8.965248188539288,0.06280924739176053
rape,CSP,1,-8.894254258033794,-8.887046164326987,0.03373118315437562
rape,CSP,2,-8.824410247883307,-8.847883184475668,0.004801382057039661
rape,CSP,3,-8.756866078442833,-8.770844312789363,0.021377604081105832
rape,CSP,4,-8.692771670067378,-8.692771670067378,-0.060372388570887135
rape,CSP,5,-8.633276943111946,-8.62606884940514,-0.09908384726815889
rape,CSP,6,-8.579531817931542,-8.603004754523905,-0.0968995418428998
rape,CSP,7,-8.532686214881178,-8.546664449227707,-0.06053372784122457
rape,CSP,8,-8.493890054315854,-8.493890054315854,0.0577828908265664
rape,CSP,9,-8.464262431743995,-8.457054338037189,0.01635481743934919
rape,CSP,10,-8.443724126763074,-8.467197063355435,0.027039316173312677
rape,CSP,11,-8.430639264218076,-8.444617498564606,-0.017896667631378864
rape,CSP,12,-8.423267935096767,-8.423267935096767,0.05913404630469105
rape,CSP,13,-8.419870230386914,-8.412662136680108,0.07692470066208613
rape,CSP,14,-8.418706241076281,-8.442179177668642,0.04754832598020794
rape,CSP,15,-8.418036058152634,-8.432014292499165,0.044547762479710575
rape,CSP,16,-8.416119772603738,-8.416119772603738,0.053283640278797124
rape,CSP,17,-8.411217475417361,-8.404009381710555,-0.0025945837902390623
rape,CSP,18,-8.401830442701582,-8.425303379293945,0.024090723006273733
rape,CSP,19,-8.388242459344342,-8.402220693690873,-0.0036818147406115073
rape,CSP,20,-8.371536235944628,-8.371536235944628,-0.23318011297149016
rape,CSP,21,-8.352798251618934,-8.345590157912127,-0.007698506244073988
rape,CSP,22,-8.333114985483755,-8.356587922076116,-0.08239306775805484
rape,CSP,23,-8.313572916655588,-8.327551151002117,-0.07092231771055554
rape,CSP,24,-8.295258524250922,-8.295258524250922,0.04678587676347457
rape,CSP,25,-8.279258287386254,-8.272050193679448,0.031192413906569464
rape,CSP,26,-8.266656251653204,-8.290129188245565,0.08728576986467636
rape,CSP,27,-8.258020555369285,-8.271998789715816,0.06829887518915428
rape,CSP,28,-8.252768279584808,-8.252768279584808,0.029314621040784132
rape,CSP,29,-8.2501607597579,-8.242952666051094,0.0032024701150413525
rape,CSP,30,-8.249459331346689,-8.27293226793905,-0.01583666554425146
rape,CSP,31,-8.249925329809301,-8.263903564155832,0.03995956407259179
rape,CSP,32,-8.250820090603865,-8.250820090603865,-0.03763358445554431
rape,CSP,33,-8.251404949188508,-8.244196855481702,-0.029312948412924106
rape,CSP,34,-8.250941241021355,-8.274414177613716,-0.013779158941154585
rape,CSP,35,-8.248725611751016,-8.262703846097548,-0.009669434472677329
rape,CSP,36,-8.24458305209849,-8.24458305209849,-0.007825989628285797
rape,CSP,37,-8.238745273867716,-8.23153718016091,-0.035693124598240575
rape,CSP,38,-8.231454451141303,-8.254927387733664,0.028074248780410316
rape,CSP,39,-8.222952758001858,-8.23693099234839,-0.0009158825770787169
rape,CSP,40,-8.213482368531988,-8.213482368531988,0.031131866165540988
rape,CSP,41,-8.2032854568143,-8.196077363107493,0.014297432060468821
rape,CSP,42,-8.192604196931395,-8.216077133523756,-0.011146031464332953
rape,CSP,43,-8.181680762965886,-8.195658997312416,-0.011063092909614908
rape,PFA,0,-8.897009005179612,-8.897009005179612,0.0717128650350165
rape,PFA,1,-8.827640548112338,-8.817199720548883,0.03906564354989802
rape,PFA,2,-8.759342194846043,-8.782661791323305,-0.0009842576377536534
rape,PFA,3,-8.693184049181705,-8.708070675393014,0.014447021382988543
rape,PFA,4,-8.630236214920297,-8.630236214920297,-0.06695384847674078
rape,PFA,5,-8.571568795862804,-8.561127968299349,-0.10434308063685943
rape,PFA,6,-8.518251895810202,-8.541571492287465,-0.09472141072626071
rape,PFA,7,-8.47135561856347,-8.486242244774779,-0.061063202624585707
rape,PFA,8,-8.431950067923582,-8.431950067923582,0.059508451891988105
rape,PFA,9,-8.401077426185,-8.390636598621544,0.014201726965108184
rape,PFA,10,-8.378694427076159,-8.402014023553422,0.032326035207150446
rape,PFA,11,-8.363347768246173,-8.378234394457483,-0.01567733109910195
rape,PFA,12,-8.353489912259642,-8.353489912259642,0.05863534365268377
rape,PFA,13,-8.34757332168117,-8.337132494117714,0.07839901375227157
rape,PFA,14,-8.344050459075358,-8.36737005555262,0.05725967204574581
rape,PFA,15,-8.341373787006804,-8.356260413218113,0.04686435605068937
rape,PFA,16,-8.337995768040114,-8.337995768040114,0.05117863764274069
rape,PFA,17,-8.33236886473989,-8.321928037176434,-0.007581649277538921
rape,PFA,18,-8.323152382669216,-8.346471979146479,0.022659354714637522
rape,PFA,19,-8.310534326426875,-8.325420952638185,-0.0006350734654085161
rape,PFA,20,-8.295387868044129,-8.295387868044129,-0.2394545381937801
rape,PFA,21,-8.278589411474098,-8.268148583910643,-0.014472155995066675
rape,PFA,22,-8.261015360669894,-8.284334957147157,-0.08394590948303109
rape,PFA,23,-8.243542119584639,-8.258428745795948,-0.07506435510755692
rape,PFA,24,-8.227046092171445,-8.227046092171445,0.052787413873060254
rape,PFA,25,-8.212403682383433,-8.201962854819978,0.03581415703964787
rape,PFA,26,-8.200489346754413,-8.223808943231676,0.09550183125304257
rape,PFA,27,-8.191764688926328,-8.206651315137638,0.07101809039418223
rape,PFA,28,-8.185770183211591,-8.185770183211591,0.029327418747833803
rape,PFA,29,-8.181921669087338,-8.171480841523882,0.0008648952883890398
rape,PFA,30,-8.179634986030699,-8.202954582507962,-0.017990552403946505
rape,PFA,31,-8.17832597351881,-8.193212599730119,0.037194769274269505
rape,PFA,32,-8.177410471028805,-8.177410471028805,-0.04166722124765258
rape,PFA,33,-8.176304318037815,-8.16586349047436,-0.03142456064813334
rape,PFA,34,-8.174423354022975,-8.197742950500237,-0.02342407752130344
rape,PFA,35,-8.17121111508759,-8.1860977412989,-0.005924546352144983
rape,PFA,36,-8.1665255609266,-8.1665255609266,-0.0024712894136788162
rape,PFA,37,-8.160543675336417,-8.150102847772962,-0.02492455630226865
rape,PFA,38,-8.153450648521211,-8.176770244998474,0.02589547170456179
rape,PFA,39,-8.145431670685156,-8.160318296896465,0.00026824581910052793
rape,PFA,40,-8.136671932032419,-8.136671932032419,0.028739817521942244
rape,PFA,41,-8.127356622767172,-8.116915795203717,0.015351127921489238
rape,PFA,42,-8.117670933093585,-8.140990529570846,-0.01331430879539803
rape,PFA,43,-8.107800053215826,-8.122686679427135,-0.01214638949560876
rape_and_sexual_assault,CSP,0,-8.20995502958453,-8.20995502958453,0.07335132087980374
rape_and_sexual_assault,CSP,1,-8.141982614899526,-8.134091440590636,0.027649057221925098
rape_and_sexual_assault,CSP,2,-8.075268002854289,-8.08690897523137,0.008806972947788356
rape_and_sexual_assault,CSP,3,-8.011068996088584,-8.03301350385247,0.017118619533455174
rape_and_sexual_assault,CSP,4,-7.95064339724218,-7.95064339724218,-0.06275522535897628
rape_and_sexual_assault,CSP,5,-7.895249008954842,-7.887357834645951,-0.09830976088681902
rape_and_sexual_assault,CSP,6,-7.846143633866336,-7.857784606243419,-0.08694949182793099
rape_and_sexual_assault,CSP,7,-7.80458507461643,-7.826529582380315,-0.0597435518866672
rape_and_sexual_assault,CSP,8,-7.7718311338448895,-7.7718311338448895,0.023433026637717423
rape_and_sexual_assault,CSP,9,-7.7491031311129674,-7.741211956804077,-0.0003109211955086251
rape_and_sexual_assault,CSP,10,-7.736204106304723,-7.747845078681805,0.030207301391871003
rape_and_sexual_assault,CSP,11,-7.731094703839303,-7.7530392116031885,-0.010165840626166336
rape_and_sexual_assault,CSP,12,-7.731612437745877,-7.731612437745877,0.06153868526174294
rape_and_sexual_assault,CSP,13,-7.735594822053608,-7.727703647744717,0.08767028913110636
rape_and_sexual_assault,CSP,14,-7.7408793707916645,-7.752520343168748,0.05788865954645076
rape_and_sexual_assault,CSP,15,-7.745303597989213,-7.767248105753098,0.06135430431458611
rape_and_sexual_assault,CSP,16,-7.746705017675421,-7.746705017675421,0.07057325779765754
rape_and_sexual_assault,CSP,17,-7.742921143879452,-7.7350299695705615,0.0142895327427194
rape_and_sexual_assault,CSP,18,-7.73210599924767,-7.743746971624753,0.027152151270591916
rape_and_sexual_assault,CSP,19,-7.714752802925397,-7.736697310689283,0.03719434465623532
rape_and_sexual_assault,CSP,20,-7.692403208852412,-7.692403208852412,-0.2919626994345308
rape_and_sexual_assault,CSP,21,-7.666603816415641,-7.658712642106751,-0.02396511305357268
rape_and_sexual_assault,CSP,22,-7.638901225002008,-7.65054219737909,-0.11418380512258064
rape_and_sexual_assault,CSP,23,-7.610842033998437,-7.632786541762322,-0.13506671994390354
rape_and_sexual_assault,CSP,24,-7.5839728427918525,-7.5839728427918525,0.05643625222222458
rape_and_sexual_assault,CSP,25,-7.55984025076918,-7.551949076460289,0.038317217156362306
rape_and_sexual_assault,CSP,26,-7.539987716729573,-7.551628689106655,0.10919404425222606
rape_and_sexual_assault,CSP,27,-7.5252928948651885,-7.547237402629074,0.07132126343700483
rape_and_sexual_assault,CSP,28,-7.515147941353507,-7.515147941353507,0.06523896033660147
rape_and_sexual_assault,CSP,29,-7.508744014754796,-7.500852840445905,0.017470298062306006
rape_and_sexual_assault,CSP,30,-7.505272273629325,-7.516913246006407,-0.0051709579939555545
rape_and_sexual_assault,CSP,31,-7.50392387653737,-7.525868384301256,0.039914680599488224
rape_and_sexual_assault,CSP,32,-7.503889982039201,-7.503889982039201,-0.015262664934800864
rape_and_sexual_assault,CSP,33,-7.5043617486950875,-7.496470574386198,-0.03528857685269903
rape_and_sexual_assault,CSP,34,-7.504530335065302,-7.5161713074423835,-0.025875441659783893
rape_and_sexual_assault,CSP,35,-7.503622027315764,-7.525566535079649,-0.02854943871966508
rape_and_sexual_assault,CSP,36,-7.501388724674706,-7.501388724674706,-0.005346624340401328
rape_and_sexual_assault,CSP,37,-7.49798694434655,-7.49009577003766,-0.04043732996918945
rape_and_sexual_assault,CSP,38,-7.493583611715166,-7.505224584092248,0.010927062250221987
rape_and_sexual_assault,CSP,39,-7.488345652164426,-7.510290159928312,-0.0009690884967970729
rape_and_sexual_assault,CSP,40,-7.4824399910782,-7.4824399910782,0.024802904267041744
rape_and_sexual_assault,CSP,41,-7.47603355384036,-7.4681423795314705,0.014121105646349077
rape_and_sexual_assault,CSP,42,-7.469293265834779,-7.48093423821186,-0.011991298116915494
rape_and_sexual_assault,CSP,43,-7.462386052445324,-7.48433056020921,0.007043549020957722
rape_and_sexual_assault,PFA,0,-8.145630061453359,-8.145630061453359,0.08200304521297457
rape_and_sexual_assault,PFA,1,-8.080013386037372,-8.068377266481706,0.03705061418458257
rape_and_sexual_assault,PFA,2,-8.015568307654481,-8.026834057934018,0.002049641951968036
rape_and_sexual_assault,PFA,3,-7.953466423337779,-7.97733721059233,0.009600661683617687
rape_and_sexual_assault,PFA,4,-7.894879330120356,-7.894879330120356,-0.07120902414735004
rape_and_sexual_assault,PFA,5,-7.8409786250353095,-7.8293425054796435,-0.10700597082125365
rape_and_sexual_assault,PFA,6,-7.792935905115729,-7.804201655395265,-0.08476172753915065
rape_and_sexual_assault,PFA,7,-7.751922767394714,-7.7757935546492645,-0.05974180186285274
rape_and_sexual_assault,PFA,8,-7.719110808905354,-7.719110808905354,0.025481190379324514
rape_and_sexual_assault,PFA,9,-7.695638057767228,-7.684001938211562,-0.0025903035512331346
rape_and_sexual_assault,PFA,10,-7.681337550587001,-7.692603300866537,0.034650621113902325
rape_and_sexual_assault,PFA,11,-7.674347093838806,-7.698217881093357,-0.0039963063147335515
rape_and_sexual_assault,PFA,12,-7.672691198913661,-7.672691198913661,0.06303362776949308
rape_and_sexual_assault,PFA,13,-7.674394377202583,-7.662758257646917,0.08888217016577982
rape_and_sexual_assault,PFA,14,-7.6774811400965906,-7.688746890376127,0.06299494773575526
rape_and_sexual_assault,PFA,15,-7.679975998986703,-7.703846786241254,0.06377148580614617
rape_and_sexual_assault,PFA,16,-7.679903465263938,-7.679903465263938,0.07144095802973809
rape_and_sexual_assault,PFA,17,-7.675288050319313,-7.663651930763647,0.011165145141304478
rape_and_sexual_assault,PFA,18,-7.66443823015036,-7.675703980429896,0.028228025162778354
rape_and_sexual_assault,PFA,19,-7.647761156674637,-7.671631943929188,0.03784588837745237
rape_and_sexual_assault,PFA,20,-7.626604614568778,-7.626604614568778,-0.2994448297716126
rape_and_sexual_assault,PFA,21,-7.602320825456398,-7.590684705900732,-0.031699540357338955
rape_and_sexual_assault,PFA,22,-7.576262010961108,-7.587527761240644,-0.11806092996431666
rape_and_sexual_assault,PFA,23,-7.549780392706523,-7.5736511799610735,-0.13849964248614405
rape_and_sexual_assault,PFA,24,-7.524228192316253,-7.524228192316253,0.05789012158954927
rape_and_sexual_assault,PFA,25,-7.500957631413911,-7.489321511858245,0.04267337443188213
rape_and_sexual_assault,PFA,26,-7.481318263222914,-7.49258401350245,0.11937282655885063
rape_and_sexual_assault,PFA,27,-7.466093940124592,-7.489964727379143,0.07614261804675332
rape_and_sexual_assault,PFA,28,-7.454806361206385,-7.454806361206385,0.0673807013658103
rape_and_sexual_assault,PFA,29,-7.446806447943031,-7.435170328387365,0.01856168354589455
rape_and_sexual_assault,PFA,30,-7.441445121809261,-7.452710872088797,-0.0072156923931311345
rape_and_sexual_assault,PFA,31,-7.438073304279816,-7.461944091534367,0.03605498344851197
rape_and_sexual_assault,PFA,32,-7.43604191682943,-7.43604191682943,-0.021535068970520863
rape_and_sexual_assault,PFA,33,-7.434701880932835,-7.423065761377169,-0.039988956814086284
rape_and_sexual_assault,PFA,34,-7.4334041180647725,-7.444669868344309,-0.03331869694988506
rape_and_sexual_assault,PFA,35,-7.431526543472077,-7.455397330726628,-0.02793027844684538
rape_and_sexual_assault,PFA,36,-7.428850979213761,-7.428850979213761,0.002460530939761838
rape_and_sexual_assault,PFA,37,-7.425470175612671,-7.413834056057005,-0.028114111029738795
rape_and_sexual_assault,PFA,38,-7.421484881146342,-7.432750631425878,0.009817158201526078
rape_and_sexual_assault,PFA,39,-7.416995844292315,-7.440866631546866,-0.0014287381803576528
rape_and_sexual_assault,PFA,40,-7.412103813528132,-7.412103813528132,0.02258508170217885
rape_and_sexual_assault,PFA,41,-7.40690953733133,-7.395273417775664,0.01204645664962184
rape_and_sexual_assault,PFA,42,-7.401513764179448,-7.412779514458984,-0.013478984551458784
rape_and_sexual_assault,PFA,43,-7.396017242550027,-7.419888029804579,0.007547593532760658
robbery,CSP,0,-9.068813809781934,-9.068813809781934,0.06816617638376886
robbery,CSP,1,-9.008591173929585,-8.95237163150773,-0.00996248573020914
robbery,CSP,2,-8.948928865678555,-8.91401132676647,0.03997020368054398
robbery,CSP,3,-8.890387212630166,-8.904801503355067,0.009620808635532696
robbery,CSP,4,-8.833526542385746,-8.833526542385746,-0.10851367494963265
robbery,CSP,5,-8.77890718254661,-8.722687640124756,-0.06530611574841205
robbery,CSP,6,-8.727089460714081,-8.692171921801997,-0.01554535542132022
robbery,CSP,7,-8.678633704489481,-8.69304799521438,0.0023869173950256117
robbery,CSP,8,-8.634100241474131,-8.634100241474131,0.006061697522849746
robbery,CSP,9,-8.594047853686527,-8.537828311264674,-0.03756211339471375
robbery,CSP,10,-8.558975238612769,-8.524057699700686,0.02072203814678279
robbery,CSP,11,-8.529303041806205,-8.543717332531106,-0.018188680302233088
robbery,CSP,12,-8.505446692478138,-8.505446692478138,0.024588016552208474
robbery,CSP,13,-8.487821619839876,-8.431602077418022,0.010953967935171595
robbery,CSP,14,-8.47684325310272,-8.441925714190635,0.05888633095413701
robbery,CSP,15,-8.47292702147798,-8.48734131220288,0.09190071077537537
robbery,CSP,16,-8.476488354176958,-8.476488354176958,0.06779367951234665
robbery,CSP,17,-8.487942680410962,-8.431723137989108,0.035013200997142266
robbery,CSP,18,-8.507478355734513,-8.47256081682243,0.09116071809465572
robbery,CSP,19,-8.533605519457495,-8.548019810182396,0.09865451496712034
robbery,CSP,20,-8.5640821294017,-8.5640821294017,-0.3232947762215334
robbery,CSP,21,-8.596662595363036,-8.540443052941182,-0.005808295194819254
robbery,CSP,22,-8.629101327137406,-8.594183788225322,-0.07002835079516527
robbery,CSP,23,-8.659152734520722,-8.673567025245621,-0.19881385028559892
robbery,CSP,24,-8.684571227308883,-8.684571227308883,-0.039305369557871055
robbery,CSP,25,-8.703111215297804,-8.64689167287595,-0.0017930419478231895
robbery,CSP,26,-8.71253239864562,-8.677614859733534,0.032062118262681835
robbery,CSP,27,-8.711716034304077,-8.726130325028977,0.06835775656028602
robbery,CSP,28,-8.702045720561594,-8.702045720561594,0.11245434001572326
robbery,CSP,29,-8.685243638889565,-8.629024096467711,0.05665676276380093
robbery,CSP,30,-8.663031970759386,-8.628114431847303,0.021145267685014686
robbery,CSP,31,-8.63713289764245,-8.651547188367351,0.1087452531322633
robbery,CSP,32,-8.609268601010154,-8.609268601010154,0.06183327991569839
robbery,CSP,33,-8.581161262333886,-8.524941719912032,0.008797696944625118
robbery,CSP,34,-8.554533063085042,-8.51961552417296,-0.030122188043908347
robbery,CSP,35,-8.531027901671173,-8.545442192396074,-0.008661985634811308
robbery,CSP,36,-8.511118329914844,-8.511118329914844,0.009078663052974998
robbery,CSP,37,-8.494375194718007,-8.438155652296153,-0.08985650005051668
robbery,CSP,38,-8.480346148000734,-8.445428609088651,-0.16683435274834318
robbery,CSP,39,-8.468578841683101,-8.482993132408001,-0.17571161986196654
robbery,CSP,40,-8.458620927685178,-8.458620927685178,0.112818861978616
robbery,CSP,41,-8.450020057927038,-8.393800515505184,0.0954513139505376
robbery,CSP,42,-8.442323884328752,-8.407406345416668,0.026078046023620332
robbery,CSP,43,-8.435080058810394,-8.449494349535293,0.02676055706447524
robbery,PFA,0,-8.887091476066928,-8.887091476066928,0.07918218757459912
robbery,PFA,1,-8.828100609956646,-8.76293878344058,0.010322806442944926
robbery,PFA,2,-8.769682725868385,-8.732620013527624,0.02219397801989904
robbery,PFA,3,-8.712410805824168,-8.731613374005976,-0.004699486948182804
robbery,PFA,4,-8.656857831846017,-8.656857831846017,-0.11266260093583852
robbery,PFA,5,-8.603596785955947,-8.538434959439881,-0.07375857431001755
robbery,PFA,6,-8.55320065017598,-8.51613793783522,-0.02805905632052984
robbery,PFA,7,-8.506242406528143,-8.52544497470995,0.009928505858989828
robbery,PFA,8,-8.463295037034452,-8.463295037034452,0.01809552223531596
robbery,PFA,9,-8.424929240030073,-8.359767413514007,-0.03736378177399594
robbery,PFA,10,-8.391626935523565,-8.354564223182804,0.0203153621715386
robbery,PFA,11,-8.363754717337168,-8.382957285518975,-0.013469422652183125
robbery,PFA,12,-8.341671471849967,-8.341671471849967,0.020204360773351467
robbery,PFA,13,-8.325736085441056,-8.26057425892499,0.011043759174528735
robbery,PFA,14,-8.316307444489528,-8.279244732148767,0.07101634069975724
robbery,PFA,15,-8.313744435374469,-8.332947003556276,0.09949919486886015
robbery,PFA,16,-8.318405944474971,-8.318405944474971,0.07108068276507175
robbery,PFA,17,-8.330650858170127,-8.265489031654061,0.02618715640964398
robbery,PFA,18,-8.350620138179323,-8.313557425838564,0.09944801163595876
robbery,PFA,19,-8.376844146783824,-8.396046714965632,0.09930288651640289
robbery,PFA,20,-8.407131370829633,-8.407131370829633,-0.32884084356493465
robbery,PFA,21,-8.439286892089939,-8.374125065573873,-0.01827083150908524
robbery,PFA,22,-8.471115792337937,-8.434053079997176,-0.07984835898600123
robbery,PFA,23,-8.500423153346814,-8.519625721528621,-0.20818099363374837
robbery,PFA,24,-8.525014056889763,-8.525014056889763,-0.04695311637623661
robbery,PFA,25,-8.542693584739979,-8.477531758223913,0.011017379201834812
robbery,PFA,26,-8.551272069273914,-8.514209356933153,0.0425217268819339
robbery,PFA,27,-8.549672970760435,-8.568875538942242,0.0742050579051503
robbery,PFA,28,-8.539303284813245,-8.539303284813245,0.1133660870262893
robbery,PFA,29,-8.521906045655083,-8.456744219139017,0.05609465510069062
robbery,PFA,30,-8.499224287508678,-8.462161575167917,0.03641899325827672
robbery,PFA,31,-8.473001044596767,-8.492203612778574,0.10578386191664262
robbery,PFA,32,-8.444979351142086,-8.444979351142086,0.05798287836977209
robbery,PFA,33,-8.416902241367367,-8.351740414851301,0.0014260428856075265
robbery,PFA,34,-8.390512749495345,-8.353450037154584,-0.042671546627282446
robbery,PFA,35,-8.367473881078444,-8.386676449260252,-0.014794950089829022
robbery,PFA,36,-8.348251175639234,-8.348251175639234,0.01487319901581304
robbery,PFA,37,-8.332388360979289,-8.267226534463223,-0.07469727008123335
robbery,PFA,38,-8.319405452701574,-8.282342740360813,-0.15547226569754824
robbery,PFA,39,-8.308822466409046,-8.328025034590853,-0.1815477671454612
robbery,PFA,40,-8.300159417704668,-8.300159417704668,0.10585470390004213
robbery,PFA,41,-8.292936322191407,-8.227774495675341,0.08496432052528585
robbery,PFA,42,-8.28667319547222,-8.249610483131459,0.02093403747391595
robbery,PFA,43,-8.280890053150072,-8.30009262133188,0.03882556379905044
robbery_business,CSP,0,-11.170895747785334,-11.170895747785334,0.058594916123080085
robbery_business,CSP,1,-11.117968954362961,-11.10383182712564,0.018218061262799335
robbery_business,CSP,2,-11.065684499517369,-10.954006212932754,0.04168333821610291
robbery_business,CSP,3,-11.014684721825352,-10.943851685767259,0.08539400206823251
robbery_business,CSP,4,-10.965611959863695,-10.965611959863695,-0.1782046148529261
robbery_business,CSP,5,-10.919108552209183,-10.904971424971862,-0.13658849863727218
robbery_business,CSP,6,-10.8758168374386,-10.764138550853986,-0.03949540021764413
robbery_business,CSP,7,-10.836379154128736,-10.765546118070642,0.07009913721644352
robbery_business,CSP,8,-10.801437840856375,-10.801437840856375,-0.026711143453187428
robbery_business,CSP,9,-10.771632023349358,-10.757494896112037,-0.09749983065476324
robbery_business,CSP,10,-10.747475927832783,-10.635797641248168,0.06249776991897254
robbery_business,CSP,11,-10.729321531660014,-10.65848849560192,0.10193339387927466
robbery_business,CSP,12,-10.717509968819224,-10.717509968819224,-0.012850657641306535
robbery_business,CSP,13,-10.712382373298587,-10.698245246061266,-0.026435866050297303
robbery_business,CSP,14,-10.714279879086277,-10.602601592501662,0.12893972106509086
robbery_business,CSP,15,-10.723543620170465,-10.652710584112373,0.03998212690503069
robbery_business,CSP,16,-10.740514730539333,-10.740514730539333,0.05970876683412192
robbery_business,CSP,17,-10.765534344181047,-10.751397216943728,-0.016155866536859825
robbery_business,CSP,18,-10.798687689447064,-10.687009402862449,0.15772980314706897
robbery_business,CSP,19,-10.838168692092427,-10.767335656034335,0.12798152751215622
robbery_business,CSP,20,-10.88132359045055,-10.88132359045055,-0.29313808505407885
robbery_business,CSP,21,-10.925494624329264,-10.911357497091943,-0.09264959947543826
robbery_business,CSP,22,-10.968024033536395,-10.856345746951778,-0.07609179656529988
robbery_business,CSP,23,-11.00625405787978,-10.935421021821687,-0.15866139356664377
robbery_business,CSP,24,-11.037526937167252,-11.037526937167252,-0.12724686408253116
robbery_business,CSP,25,-11.059184911206643,-11.045047783969322,-0.011060772988013003
robbery_business,CSP,26,-11.068574113264122,-10.956895826679505,0.02381828363210591
robbery_business,CSP,27,-11.063866089773104,-10.993033053715012,0.15129563521255882
robbery_business,CSP,28,-11.045073992959969,-11.045073992959969,0.13394957215024433
robbery_business,CSP,29,-11.012460156384611,-10.99832302914729,0.06732436447526349
robbery_business,CSP,30,-10.966286913606913,-10.854608627022298,0.04163431796323329
robbery_business,CSP,31,-10.906816598186772,-10.83598356212868,0.10391670763401183
robbery_business,CSP,32,-10.834311543684072,-10.834311543684072,0.007228439428107788
robbery_business,CSP,33,-10.749034083658703,-10.734896956421384,0.023945764154793756
robbery_business,CSP,34,-10.651246551670557,-10.53956826508594,-0.015481483411982208
robbery_business,CSP,35,-10.541252667617789,-10.470419631559695,-0.058551464697813006
robbery_business,CSP,36,-10.419975413645224,-10.419975413645224,0.036655701484295526
robbery_business,CSP,37,-10.288814481201435,-10.274677353964114,-0.06501734876714226
robbery_business,CSP,38,-10.149181824353736,-10.037503537769119,-0.29655861342567563
robbery_business,CSP,39,-10.00248939716945,-9.931656361111356,-0.32663110653471983
robbery_business,CSP,40,-9.850149153715895,-9.850149153715895,0.322950210218208
robbery_business,CSP,41,-9.693573048060383,-9.679435920823064,0.3196497446085264
robbery_business,CSP,42,-9.534173034270237,-9.422494747685622,-0.014269302190943257
robbery_business,CSP,43,-9.373361066412775,-9.302528030354683,-0.11413192519188838
robbery_business,PFA,0,-11.154478744807015,-11.154478744807015,0.08455940017847545
robbery_business,PFA,1,-11.097467425540993,-11.097800260221005,0.026306216809788098
robbery_business,PFA,2,-11.041181550677502,-10.924546686213668,0.02483371841086666
robbery_business,PFA,3,-10.986346564619069,-10.904608634563795,0.07260338812470957
robbery_business,PFA,4,-10.933687911768237,-10.933687911768237,-0.1960224118952494
robbery_business,PFA,5,-10.883931036527526,-10.884263871207539,-0.16856963148814433
robbery_business,PFA,6,-10.837801383299473,-10.72116651883564,-0.011835831806505223
robbery_business,PFA,7,-10.796024396486606,-10.714286466431332,0.07432975865241653
robbery_business,PFA,8,-10.759325520491462,-10.759325520491462,-0.007596347040122266
robbery_business,PFA,9,-10.728426507026775,-10.728759341706787,-0.10914558046255395
robbery_business,PFA,10,-10.703905554489754,-10.587270690025921,0.05644782861869704
robbery_business,PFA,11,-10.686154380443265,-10.60441645038799,0.09556240729262531
robbery_business,PFA,12,-10.675552239622137,-10.675552239622137,-0.0076482090911035635
robbery_business,PFA,13,-10.672478386761204,-10.672811221441217,-0.02134796602007641
robbery_business,PFA,14,-10.677312076595298,-10.560677212131464,0.11403553236020696
robbery_business,PFA,15,-10.690432563859243,-10.60869463380397,0.09046501001936881
robbery_business,PFA,16,-10.712219103287875,-10.712219103287875,0.05362129137115443
robbery_business,PFA,17,-10.743050949616022,-10.743383784296034,-0.019662276474668196
robbery_business,PFA,18,-10.783012479542187,-10.666377615078353,0.16791602973075545
robbery_business,PFA,19,-10.830008736777632,-10.748270806722358,0.15575362073361285
robbery_business,PFA,20,-10.880967981538282,-10.880967981538282,-0.31488040830760106
robbery_business,PFA,21,-10.932813866570742,-10.933146701250754,-0.10228078164127961
robbery_business,PFA,22,-10.982470044621612,-10.865835180157779,-0.07613874194282338
robbery_business,PFA,23,-11.026860168437503,-10.945122238382229,-0.2078692489201367
robbery_business,PFA,24,-11.062907890765022,-11.062907890765022,-0.16289772776308367
robbery_business,PFA,25,-11.087536864350774,-11.087869699030787,-0.035143887585327035
robbery_business,PFA,26,-11.097675591313788,-10.981040726849955,0.053179582335056354
robbery_business,PFA,27,-11.091280640727346,-11.00954271067207,0.1639920704474893
robbery_business,PFA,28,-11.06860233482209,-11.06860233482209,0.14343044452062773
robbery_business,PFA,29,-11.030201355663909,-11.030534190343921,0.11268026422730619
robbery_business,PFA,30,-10.97663838531869,-10.860003520854857,0.07362284789716121
robbery_business,PFA,31,-10.90847410585232,-10.826736175797047,0.10301623339716948
robbery_business,PFA,32,-10.826269199330687,-10.826269199330687,0.006365453375292446
robbery_business,PFA,33,-10.73058434781968,-10.730917182499692,0.006561220089202732
robbery_business,PFA,34,-10.62198023338518,-10.505345368921347,-0.02642521899030451
robbery_business,PFA,35,-10.501048148316515,-10.419310218261241,-0.04479729289035204
robbery_business,PFA,36,-10.368837404542523,-10.368837404542523,0.02050248314957192
robbery_business,PFA,37,-10.226749898417514,-10.227082733097527,-0.049633991510441726
robbery_business,PFA,38,-10.07619659599164,-9.959561731527806,-0.3382208996131599
robbery_business,PFA,39,-9.91858846331504,-9.836850533259765,-0.37065383971015675
robbery_business,PFA,40,-9.755336466437857,-9.755336466437857,0.3610528587147583
robbery_business,PFA,41,-9.58785157141024,-9.588184406090253,0.341775832736626
robbery_business,PFA,42,-9.417544744282338,-9.300909879818505,-0.02137841732302533
robbery_business,PFA,43,-9.245826951104288,-9.164089021049014,-0.1085535168426662
robbery_personal,CSP,0,-9.199608895627543,-9.199608895627543,0.07012797747328586
robbery_personal,CSP,1,-9.140230781741835,-9.07979975668157,-0.009419453759863831
robbery_personal,CSP,2,-9.08135104819703,-9.053855573122286,0.035654001466492405
robbery_personal,CSP,3,-9.023468075334035,-9.042824003674511,-0.013162483532307015
robbery_personal,CSP,4,-8.967080243493754,-8.967080243493754,-0.09277747074301369
robbery_personal,CSP,5,-8.912685933017096,-8.852254907956832,-0.04454952533819068
robbery_personal,CSP,6,-8.860783524244958,-8.833288049170216,-0.019206765641019957
robbery_personal,CSP,7,-8.811871397518253,-8.831227325858727,-0.014248616945206304
robbery_personal,CSP,8,-8.76644793317788,-8.76644793317788,0.02378373345440987
robbery_personal,CSP,9,-8.725012004231296,-8.664580979171033,-0.02621029770257358
robbery_personal,CSP,10,-8.688081636098058,-8.660586161023316,0.013674957672810685
robbery_personal,CSP,11,-8.65619973385846,-8.675555662198933,-0.0411435099716058
robbery_personal,CSP,12,-8.629910865342396,-8.629910865342396,0.035513225976619885
robbery_personal,CSP,13,-8.609759598379766,-8.549328573319503,0.020951731243261693
robbery_personal,CSP,14,-8.596290500800468,-8.568795025725723,0.041199013670031856
robbery_personal,CSP,15,-8.590048140434396,-8.60940406877487,0.0919574356466339
robbery_personal,CSP,16,-8.59157708511145,-8.59157708511145,0.06712178999418136
robbery_personal,CSP,17,-8.601421902661526,-8.540990877601264,0.04058771493201399
robbery_personal,CSP,18,-8.619875068730254,-8.592379593655512,0.07616354174608082
robbery_personal,CSP,19,-8.64536594016388,-8.664721868504353,0.08754486369483046
robbery_personal,CSP,20,-8.67548881844826,-8.67548881844826,-0.31529402538653495
robbery_personal,CSP,21,-8.707834066128866,-8.647403041068603,0.012520097826903692
robbery_personal,CSP,22,-8.73999204575118,-8.712496570676437,-0.06879937476340706
robbery_personal,CSP,23,-8.769553119860669,-8.788909048201145,-0.20458475029967046
robbery_personal,CSP,24,-8.794107651002811,-8.794107651002811,-0.016496408251131623
robbery_personal,CSP,25,-8.811246001723081,-8.750814976662818,0.007653248827338739
robbery_personal,CSP,26,-8.818565257536704,-8.79106978246196,0.03566621565433659
robbery_personal,CSP,27,-8.815087773546674,-8.83444370188715,0.056555220439913
robbery_personal,CSP,28,-8.803015869549435,-8.803015869549435,0.11315384420714183
robbery_personal,CSP,29,-8.784982135405663,-8.7245511103454,0.044831570122607585
robbery_personal,CSP,30,-8.763619160976026,-8.736123685901283,0.01627942334151162
robbery_personal,CSP,31,-8.741559536121205,-8.760915464461679,0.09476496275638467
robbery_personal,CSP,32,-8.721435850701871,-8.721435850701871,0.06093984934269354
robbery_personal,CSP,33,-8.705880694578699,-8.645449669518436,-0.0031353518991213596
robbery_personal,CSP,34,-8.697526657612364,-8.67003118253762,-0.044872091231908426
robbery_personal,CSP,35,-8.698865984007785,-8.718221912348259,-0.0068081070482867625
robbery_personal,CSP,36,-8.710290931120813,-8.710290931120813,0.003912773911804885
robbery_personal,CSP,37,-8.730577182272501,-8.670146157212237,-0.07519642259975422
robbery_personal,CSP,38,-8.758458836885897,-8.730963361811153,-0.10482222024133384
robbery_personal,CSP,39,-8.792669994384047,-8.812025922724521,-0.10630797316447824
robbery_personal,CSP,40,-8.831944754190003,-8.831944754190003,0.04536526882774275
robbery_personal,CSP,41,-8.875017215726814,-8.81458619066655,0.03181092623698302
robbery_personal,CSP,42,-8.920621478417525,-8.89312600334278,0.024257806137811685
robbery_personal,CSP,43,-8.96749164168519,-8.986847570025663,0.05551231824013694
robbery_personal,PFA,0,-9.006644706051866,-9.006644706051866,0.07856431359331088
robbery_personal,PFA,1,-8.948694344440193,-8.875872026021488,0.011704151070786172
robbery_personal,PFA,2,-8.891248936107225,-8.856652667714005,0.01846554073098162
robbery_personal,PFA,3,-8.834813434331664,-8.855071599458874,-0.02736214453707767
robbery_personal,PFA,4,-8.779892792392214,-8.779892792392214,-0.09445615081806691
robbery_personal,PFA,5,-8.726991963567578,-8.654169645148873,-0.05395707177223181
robbery_personal,PFA,6,-8.67661590113646,-8.64201963274324,-0.03033345580909849
robbery_personal,PFA,7,-8.629269558377562,-8.649527723504772,-0.005915401122153312
robbery_personal,PFA,8,-8.585457888569588,-8.585457888569588,0.03364074342781511
robbery_personal,PFA,9,-8.545685935311687,-8.472863616892981,-0.025811248355655195
robbery_personal,PFA,10,-8.510462253410237,-8.475865985017018,0.01487790369232981
robbery_personal,PFA,11,-8.480299958854003,-8.500558123981213,-0.036303797965652015
robbery_personal,PFA,12,-8.455712472463246,-8.455712472463246,0.029202590553863338
robbery_personal,PFA,13,-8.437213215058227,-8.364390896639522,0.01824701031712825
robbery_personal,PFA,14,-8.425315607459208,-8.390719339065988,0.05820760413536806
robbery_personal,PFA,15,-8.420533070486451,-8.440791235613661,0.0933194904860627
robbery_personal,PFA,16,-8.423379024960216,-8.423379024960216,0.07361370078255042
robbery_personal,PFA,17,-8.434366891700765,-8.36154457328206,0.030661255013193306
robbery_personal,PFA,18,-8.453759864051055,-8.419163595657835,0.08529016659352162
robbery_personal,PFA,19,-8.479971797904598,-8.500229963031808,0.08881715907146265
robbery_personal,PFA,20,-8.510587670636333,-8.510587670636333,-0.32581603136934617
robbery_personal,PFA,21,-8.543188549816868,-8.470366231398163,-0.0028978332220484836
robbery_personal,PFA,22,-8.575355503016818,-8.540759234623598,-0.07596057330830014
robbery_personal,PFA,23,-8.604669597806785,-8.624927762933995,-0.20698768280510915
robbery_personal,PFA,24,-8.628711901757379,-8.628711901757379,-0.023265702746918675
robbery_personal,PFA,25,-8.645063482439209,-8.572241164020504,0.024504372666920213
robbery_personal,PFA,26,-8.651312270486278,-8.616716002093058,0.04840439756324822
robbery_personal,PFA,27,-8.646501165972095,-8.666759331099305,0.0627778773406253
robbery_personal,PFA,28,-8.632919297955484,-8.632919297955484,0.11395355942173184
robbery_personal,PFA,29,-8.613295031552479,-8.540472713133774,0.044522396652958075
robbery_personal,PFA,30,-8.590356731879114,-8.555760463485894,0.0230118879155393
robbery_personal,PFA,31,-8.566832764051423,-8.587090929178633,0.08573082400099293
robbery_personal,PFA,32,-8.545451493185436,-8.545451493185436,0.05322271572569822
robbery_personal,PFA,33,-8.52894128439719,-8.456118965978485,-0.013131642056227626
robbery_personal,PFA,34,-8.520030502802715,-8.485434234409498,-0.05628952176450283
robbery_personal,PFA,35,-8.521301491329593,-8.541559656456803,-0.012808973191469905
robbery_personal,PFA,36,-8.533151668307706,-8.533151668307706,0.01736486397693973
robbery_personal,PFA,37,-8.55429649278507,-8.481474174366365,-0.058400039258444704
robbery_personal,PFA,38,-8.583408157976077,-8.548811889582858,-0.09046632242266245
robbery_personal,PFA,39,-8.619158857095117,-8.639417022222327,-0.10886365585607692
robbery_personal,PFA,40,-8.660220783356586,-8.660220783356586,0.039543017192161134
robbery_personal,PFA,41,-8.705266129974875,-8.63244381155617,0.024630944257839786
robbery_personal,PFA,42,-8.752967090164379,-8.71837082177116,0.009751245481640405
robbery_personal,PFA,43,-8.80199585713949,-8.8222540222667,0.06739970544878539
sexual_assault,CSP,0,-8.849361552602835,-8.849361552602835,0.08358924310192037
sexual_assault,CSP,1,-8.784561193032635,-8.774825971982441,0.026410512477819295
sexual_assault,CSP,2,-8.72112589276052,-8.720958143830565,0.010647749992392317
sexual_assault,CSP,3,-8.660420711084564,-8.688990083176687,0.009725406962895663
sexual_assault,CSP,4,-8.603810707302852,-8.603810707302852,-0.06546233200694558
sexual_assault,CSP,5,-8.552660940713464,-8.54292571966327,-0.09860420616092845
sexual_assault,CSP,6,-8.508336470614482,-8.508168721684527,-0.07746428327773539
sexual_assault,CSP,7,-8.472202356303987,-8.50077172839611,-0.058250143175157615
sexual_assault,CSP,8,-8.44562365708006,-8.44562365708006,-0.010306942017272164
sexual_assault,CSP,9,-8.42992329847302,-8.420188077422825,-0.016593142830648167
sexual_assault,CSP,10,-8.424786255791481,-8.424618506861526,0.03373570173001815
sexual_assault,CSP,11,-8.427769749072132,-8.456339121164255,-0.0004022549437420677
sexual_assault,CSP,12,-8.436288796885465,-8.436288796885465,0.06646761931000354
sexual_assault,CSP,13,-8.447758417801971,-8.438023196751779,0.0961877906993102
sexual_assault,CSP,14,-8.459593630392147,-8.459425881462192,0.0686845064710752
sexual_assault,CSP,15,-8.46920945322648,-8.497778825318605,0.07431217923110514
sexual_assault,CSP,16,-8.47402090487547,-8.47402090487547,0.08835065252035477
sexual_assault,CSP,17,-8.47144300390961,-8.461707782859415,0.030770266469833694
sexual_assault,CSP,18,-8.459282567510632,-8.459114818580675,0.03092345350911655
sexual_assault,CSP,19,-8.43824204947149,-8.466811421563616,0.078713525502963
sexual_assault,CSP,20,-8.410321736484885,-8.410321736484885,-0.35341686545376666
sexual_assault,CSP,21,-8.377528037096807,-8.367792816046613,-0.03960819809804849
sexual_assault,CSP,22,-8.341867359853259,-8.341699610923303,-0.1438258152735193
sexual_assault,CSP,23,-8.305346113300235,-8.333915485392358,-0.19806356775107517
sexual_assault,CSP,24,-8.26997070598373,-8.26997070598373,0.06673227313937156
sexual_assault,CSP,25,-8.237747546449745,-8.22801232539955,0.04698210212673127
sexual_assault,CSP,26,-8.210679198109847,-8.210511449179892,0.1293032886910301
sexual_assault,CSP,27,-8.18995305587726,-8.218522427969384,0.07484555457827444
sexual_assault,CSP,28,-8.174937766081625,-8.174937766081625,0.10003777456298278
sexual_assault,CSP,29,-8.164755886449305,-8.15502066539911,0.031412439411281114
sexual_assault,CSP,30,-8.158529974706667,-8.158362225776711,0.004324701617756783
sexual_assault,CSP,31,-8.155382588580078,-8.183951960672204,0.040052046428648014
sexual_assault,CSP,32,-8.154436285795903,-8.154436285795903,0.0055075400467732545
sexual_assault,CSP,33,-8.154813624080507,-8.145078403030315,-0.04213599562551156
sexual_assault,CSP,34,-8.155637161160259,-8.155469412230302,-0.03674700217683176
sexual_assault,CSP,35,-8.156064317094298,-8.184633689186422,-0.046621498898324336
sexual_assault,CSP,36,-8.155774155735912,-8.155774155735912,-0.001203078081967054
sexual_assault,CSP,37,-8.154847303364088,-8.145112082313894,-0.046614213650923636
sexual_assault,CSP,38,-8.153374715837884,-8.153206966907927,-0.004887033965695435
sexual_assault,CSP,39,-8.151447349016365,-8.180016721108489,-0.0003914240859070197
sexual_assault,CSP,40,-8.149156158758593,-8.149156158758593,0.018571791813849416
sexual_assault,CSP,41,-8.146592100923632,-8.136856879873438,0.013096789911905632
sexual_assault,CSP,42,-8.143846131370545,-8.143678382440589,-0.013558384135790117
sexual_assault,CSP,43,-8.141009205958396,-8.169578578050519,0.02535173198508291
sexual_assault,PFA,0,-8.788652401085603,-8.788652401085603,0.09433549010981158
sexual_assault,PFA,1,-8.726164898238475,-8.71262773251454,0.03500412129060703
sexual_assault,PFA,2,-8.664964551269568,-8.663552051514667,0.002568820437913088
sexual_assault,PFA,3,-8.606338516057107,-8.637994540857417,0.003953596365543485
sexual_assault,PFA,4,-8.551573948479314,-8.551573948479314,-0.07393302938404779
sexual_assault,PFA,5,-8.501958004414409,-8.488420838690473,-0.11012959325696475
sexual_assault,PFA,6,-8.458777839740618,-8.457365339985715,-0.07527078234397391
sexual_assault,PFA,7,-8.42332061033616,-8.45497663513647,-0.05913070719163099
sexual_assault,PFA,8,-8.396873472079259,-8.396873472079259,-0.008549974041585234
sexual_assault,PFA,9,-8.380684040995744,-8.367146875271809,-0.019084782680554108
sexual_assault,PFA,10,-8.374462821349594,-8.373050321594693,0.03744686642472632
sexual_assault,PFA,11,-8.375923554858863,-8.407579579659172,0.008848701062023876
sexual_assault,PFA,12,-8.382646536239767,-8.382646536239767,0.06809620927113144
sexual_assault,PFA,13,-8.392212060208523,-8.378674894484588,0.09852563559092067
sexual_assault,PFA,14,-8.40220042148135,-8.40078792172645,0.069465795503871
sexual_assault,PFA,15,-8.410191914774462,-8.441847939574771,0.07852684438589567
sexual_assault,PFA,16,-8.413766834804079,-8.413766834804079,0.09397741261481617
sexual_assault,PFA,17,-8.410505476286419,-8.396968310562483,0.02880105909853921
sexual_assault,PFA,18,-8.398350344563893,-8.39693784480899,0.03458520166818431
sexual_assault,PFA,19,-8.377920907888143,-8.409576932688452,0.07761149672973143
sexual_assault,PFA,20,-8.351036457210089,-8.351036457210089,-0.36362822129599237
sexual_assault,PFA,21,-8.319521943021677,-8.305984777297741,-0.04882569093167062
sexual_assault,PFA,22,-8.285202315814855,-8.283789816059954,-0.15054255451174187
sexual_assault,PFA,23,-8.249902526081577,-8.281558550881886,-0.20352958736817467
sexual_assault,PFA,24,-8.215447524313793,-8.215447524313793,0.06459733851966656
sexual_assault,PFA,25,-8.183662261003452,-8.170125095279516,0.05150595836439054
sexual_assault,PFA,26,-8.1563683117281,-8.154955811973199,0.14222271531003944
sexual_assault,PFA,27,-8.134671770211693,-8.166327795012002,0.08271205946211173
sexual_assault,PFA,28,-8.118082395665226,-8.118082395665226,0.10333300009703683
sexual_assault,PFA,29,-8.105893952777853,-8.092356787053918,0.036052690862691646
sexual_assault,PFA,30,-8.097400206238728,-8.095987706483827,0.0033410229163641984
sexual_assault,PFA,31,-8.091894920737008,-8.123550945537318,0.035770323790336414
sexual_assault,PFA,32,-8.088671860961849,-8.088671860961849,-0.002219584067104224
sexual_assault,PFA,33,-8.087024791602403,-8.073487625878467,-0.048695051441409086
sexual_assault,PFA,34,-8.086247477347825,-8.084834977592923,-0.04336429528401069
sexual_assault,PFA,35,-8.085659605390545,-8.117315630190854,-0.049972078440671946
sexual_assault,PFA,36,-8.084968740379333,-8.084968740379333,0.00721291387970387
sexual_assault,PFA,37,-8.084181035796938,-8.070643870073003,-0.031490623278373854
sexual_assault,PFA,38,-8.08331032586781,-8.081897826112908,-0.004790920874804208
sexual_assault,PFA,39,-8.082370444816407,-8.114026469616716,-0.0025546554929135753
sexual_assault,PFA,40,-8.081375226867186,-8.081375226867186,0.01578209488919847
sexual_assault,PFA,41,-8.080338506244598,-8.066801340520662,0.00931543716223511
sexual_assault,PFA,42,-8.079274117173101,-8.0778616174182,-0.014442817552250128
sexual_assault,PFA,43,-8.07819589387715,-8.109851918677458,0.027147373791295896
shoplifting,CSP,0,-6.714418816611784,-6.714418816611784,0.05686015267828271
shoplifting,CSP,1,-6.681258043904585,-6.654274358197521,-0.04341187810034875
shoplifting,CSP,2,-6.648909249985178,-6.652826600675094,-0.0018126707478775923
shoplifting,CSP,3,-6.618184413641348,-6.605278421390436,-0.022114231868794316
shoplifting,CSP,4,-6.58989551366089,-6.58989551366089,0.018823651272998107
shoplifting,CSP,5,-6.564854528831591,-6.537870843124527,-0.01878698935650753
shoplifting,CSP,6,-6.543873437941242,-6.547790788631158,-0.0062961811858176855
shoplifting,CSP,7,-6.527764219777633,-6.51485822752672,0.0005601405757256659
shoplifting,CSP,8,-6.517338853128554,-6.517338853128554,0.0248312469988957
shoplifting,CSP,9,-6.513397600174256,-6.486413914467193,-0.018055363187872903
shoplifting,CSP,10,-6.516285239977025,-6.5202025906669405,-0.025774918022131107
shoplifting,CSP,11,-6.525754862918555,-6.512848870667643,-0.046995408680376285
shoplifting,CSP,12,-6.541520015830114,-6.541520015830114,0.028631366628055543
shoplifting,CSP,13,-6.5632942455429655,-6.5363105598359015,-0.02426218780210476
shoplifting,CSP,14,-6.590791098888371,-6.594708449578286,-0.004745157248528988
shoplifting,CSP,15,-6.623724122697597,-6.610818130446685,0.040397645252567164
shoplifting,CSP,16,-6.661806863801906,-6.661806863801906,0.09303615733866302
shoplifting,CSP,17,-6.704752869032563,-6.677769183325499,0.09030243888174268
shoplifting,CSP,18,-6.752033163281762,-6.755950513971678,0.1332320741441512
shoplifting,CSP,19,-6.8013263827357475,-6.788420390484835,0.12644110904119388
shoplifting,CSP,20,-6.849507809657598,-6.849507809657598,-0.41903256130250893
shoplifting,CSP,21,-6.8934489369050835,-6.8664652511980195,-0.03369290749166041
shoplifting,CSP,22,-6.9300212573359845,-6.9339386080259,-0.024155992075741088
shoplifting,CSP,23,-6.956096263808075,-6.943190271557163,-0.15591404598566674
shoplifting,CSP,24,-6.968545449179133,-6.968545449179133,0.03081006856876215
shoplifting,CSP,25,-6.964240306306932,-6.937256620599868,0.04392411583190509
shoplifting,CSP,26,-6.940062801274624,-6.943980151964539,0.06635797264103004
shoplifting,CSP,27,-6.895115223944425,-6.882209231693513,0.05350269559825631
shoplifting,CSP,28,-6.833453699779972,-6.833453699779972,0.11833266365105241
shoplifting,CSP,29,-6.759804640668766,-6.732820954961702,-0.024803380551272493
shoplifting,CSP,30,-6.678894458498312,-6.682811809188228,-0.0570464481641288
shoplifting,CSP,31,-6.595449565156114,-6.582543572905202,0.06817519829447752
shoplifting,CSP,32,-6.514196372529677,-6.514196372529677,0.026837515443243795
shoplifting,CSP,33,-6.439861292506504,-6.41287760679944,0.02013879779698512
shoplifting,CSP,34,-6.377170736974099,-6.381088087664015,-0.07177607709320999
shoplifting,CSP,35,-6.330604523498899,-6.317698531247986,-0.08243358095086809
shoplifting,CSP,36,-6.300952687954354,-6.300952687954354,0.01672763497758887
shoplifting,CSP,37,-6.286164864960147,-6.259181179253083,0.025747499878120507
shoplifting,CSP,38,-6.2841176241519445,-6.28803497484186,0.0038832644218613982
shoplifting,CSP,39,-6.292687535165414,-6.279781542914502,-0.020009676383292655
shoplifting,CSP,40,-6.30975116763622,-6.30975116763622,0.003198483049026115
shoplifting,CSP,41,-6.333185091200027,-6.306201405492964,-0.019349442679393886
shoplifting,CSP,42,-6.360865875492505,-6.36478322618242,-0.00920827028285484
shoplifting,CSP,43,-6.390670090149315,-6.377764097898402,0.03807849555522106
shoplifting,PFA,0,-6.601696760290329,-6.601696760290329,0.07362668656039888
shoplifting,PFA,1,-6.574139739377957,-6.544617011171701,-0.03082566243951895
shoplifting,PFA,2,-6.5472855206139435,-6.550574524813122,-0.016313829192348046
shoplifting,PFA,3,-6.521836906146642,-6.511581417312247,-0.029711348831592158
shoplifting,PFA,4,-6.498496698124408,-6.498496698124408,0.006228526561096229
shoplifting,PFA,5,-6.477967698695603,-6.448444970489347,-0.03278916189395552
shoplifting,PFA,6,-6.460952710008581,-6.464241714207759,-0.008739777904711352
shoplifting,PFA,7,-6.448154534211699,-6.4378990453773035,0.005969677717682883
shoplifting,PFA,8,-6.4402759734533115,-6.4402759734533115,0.021500670435060928
shoplifting,PFA,9,-6.438010943459584,-6.408488215253327,-0.019370792383813156
shoplifting,PFA,10,-6.441707900293883,-6.4449969044930615,-0.01763273226250505
shoplifting,PFA,11,-6.45126653569878,-6.441011046864386,-0.03366527792063689
shoplifting,PFA,12,-6.466556549741941,-6.466556549741941,0.03447917371378903
shoplifting,PFA,13,-6.487447642491027,-6.457924914284771,-0.026797580276258892
shoplifting,PFA,14,-6.513809514013707,-6.517098518212886,0.004171841018349053
shoplifting,PFA,15,-6.5455118643776435,-6.5352563755432485,0.04388361340983827
shoplifting,PFA,16,-6.582424393650503,-6.582424393650503,0.09014133893033427
shoplifting,PFA,17,-6.624416801899947,-6.594894073693691,0.08758126685103163
shoplifting,PFA,18,-6.671095829750699,-6.674384833949877,0.1335364105708891
shoplifting,PFA,19,-6.720124783194431,-6.709869294360036,0.13040594688988325
shoplifting,PFA,20,-6.768295915068064,-6.768295915068064,-0.4327556862667433
shoplifting,PFA,21,-6.812397369467216,-6.7828746412609595,-0.04003265662428182
shoplifting,PFA,22,-6.849217290487505,-6.852506294686683,-0.029162551312699247
shoplifting,PFA,23,-6.875543822224551,-6.865288333390156,-0.1647041013156022
shoplifting,PFA,24,-6.888165108773973,-6.888165108773973,0.029768711052849926
shoplifting,PFA,25,-6.883869294231391,-6.854346566025135,0.049990462593641434
shoplifting,PFA,26,-6.859455156467938,-6.862744160667116,0.07963699376097012
shoplifting,PFA,27,-6.813975833763918,-6.8037203449295225,0.0611104575752982
shoplifting,PFA,28,-6.751514240218199,-6.751514240218199,0.11907871104011387
shoplifting,PFA,29,-6.676833851562613,-6.6473111233563555,-0.021168392774710835
shoplifting,PFA,30,-6.5946981435289835,-6.597987147728162,-0.05751126477125764
shoplifting,PFA,31,-6.5098705918491415,-6.4996151030147455,0.06460105585425953
shoplifting,PFA,32,-6.427114672254912,-6.427114672254912,0.02320168273588473
shoplifting,PFA,33,-6.351193860478124,-6.3216711322718675,0.014546273146961343
shoplifting,PFA,34,-6.2868716322506035,-6.290160636449782,-0.07916564899931139
shoplifting,PFA,35,-6.23866350978427,-6.228408020949875,-0.08374713367926985
shoplifting,PFA,36,-6.20737489595608,-6.20737489595608,0.01903331700617824
shoplifting,PFA,37,-6.1909551364321675,-6.161432408225911,0.03425259580142614
shoplifting,PFA,38,-6.187280109169064,-6.190569113368243,0.00583164214054654
shoplifting,PFA,39,-6.194225692123302,-6.183970203288908,-0.027721626929006173
shoplifting,PFA,40,-6.2096677632514155,-6.2096677632514155,0.01447123891780472
shoplifting,PFA,41,-6.231482200509932,-6.201959472303676,-0.017915208676689724
shoplifting,PFA,42,-6.257544881855386,-6.260833886054565,-0.01202522900503229
shoplifting,PFA,43,-6.285731685244308,-6.275476196409913,0.03391195510028124
theft_person,CSP,0,-8.70226671071084,-8.70226671071084,0.019689557940500015
theft_person,CSP,1,-8.66333919154227,-8.56038582966698,-0.01641746481734594
theft_person,CSP,2,-8.625441609023857,-8.4898971992934,0.05904093529578553
theft_person,CSP,3,-8.58960389980575,-8.59789925905952,0.057894813850001045
theft_person,CSP,4,-8.556856000538104,-8.556856000538104,0.031016234380879654
theft_person,CSP,5,-8.52822784787107,-8.42527448599578,-0.08591070496470145
theft_person,CSP,6,-8.504749378454807,-8.36920496872435,-0.05054348021841948
theft_person,CSP,7,-8.487450528939465,-8.495745888193236,-0.07932792566992607
theft_person,CSP,8,-8.477361235975197,-8.477361235975197,-0.06524939143968422
theft_person,CSP,9,-8.475490219374954,-8.372536857499664,-0.09766466476872009
theft_person,CSP,10,-8.482021394405454,-8.346476984674997,-0.003975699570044958
theft_person,CSP,11,-8.496067226054695,-8.504362585308465,-0.041675593774280956
theft_person,CSP,12,-8.516668572485125,-8.516668572485125,0.0552687547073367
theft_person,CSP,13,-8.542866291859191,-8.439912929983901,0.04649866554590393
theft_person,CSP,14,-8.573701242339334,-8.438156832608877,0.0950382494845643
theft_person,CSP,15,-8.608214282088,-8.61650964134177,0.14327653197034834
theft_person,CSP,16,-8.645446269267634,-8.645446269267634,0.21052655538698695
theft_person,CSP,17,-8.684438062040677,-8.581484700165387,0.1847019735613368
theft_person,CSP,18,-8.724180298393616,-8.58863588866316,0.1803165435108495
theft_person,CSP,19,-8.76329245782492,-8.77158781707869,0.17599305654784417
theft_person,CSP,20,-8.800227665500165,-8.800227665500165,-0.6417483728008399
theft_person,CSP,21,-8.833438261894697,-8.730484900019407,-0.12977478078304006
theft_person,CSP,22,-8.861376587483843,-8.725832177753388,-0.2623232401451154
theft_person,CSP,23,-8.88249498274294,-8.890790341996711,-0.4361369394763309
theft_person,CSP,24,-8.895245788147317,-8.895245788147317,0.0023660363895003735
theft_person,CSP,25,-8.898081344172311,-8.795127982297021,0.12027886141268483
theft_person,CSP,26,-8.889460559781458,-8.753916150051003,0.1635932677233431
theft_person,CSP,27,-8.869234863436812,-8.877530222690583,0.1926324437444292
theft_person,CSP,28,-8.840362578519299,-8.840362578519299,0.22659117383492908
theft_person,CSP,29,-8.806222411654689,-8.703269049779397,0.09418257831607296
theft_person,CSP,30,-8.770193069468743,-8.634648659738286,0.0407175831065085
theft_person,CSP,31,-8.735653258587226,-8.743948617840996,0.05972970956863398
theft_person,CSP,32,-8.705981685635907,-8.705981685635907,0.0770968781031096
theft_person,CSP,33,-8.684557057240545,-8.581603695365255,-0.04240245260337411
theft_person,CSP,34,-8.67475808002691,-8.539213670296453,-0.1302543219160481
theft_person,CSP,35,-8.679773360873345,-8.688068720127115,-0.1169017729963601
theft_person,CSP,36,-8.699947051178269,-8.699947051178269,0.03285483933947797
theft_person,CSP,37,-8.733433634879074,-8.630480273003782,-0.07766251682836167
theft_person,CSP,38,-8.77833127006206,-8.642786860331604,-0.07418262846191713
theft_person,CSP,39,-8.832738114813534,-8.841033474067304,-0.04647819897191562
theft_person,CSP,40,-8.894752327219797,-8.894752327219797,0.043852176672388436
theft_person,CSP,41,-8.962472065367152,-8.859518703491862,0.003938161122046834
theft_person,CSP,42,-9.0339954873419,-8.898451077611442,-0.00993692134364852
theft_person,CSP,43,-9.107420751230345,-9.115716110484115,0.09156056899626688
theft_person,PFA,0,-8.459039962314009,-8.459039962314009,0.07006484663430251
theft_person,PFA,1,-8.420015035716816,-8.312623752453439,-0.01536536529610379
theft_person,PFA,2,-8.382027393129375,-8.223190462457971,0.0367664259985381
theft_person,PFA,3,-8.346114318561437,-8.338721900002446,0.03365854698332298
theft_person,PFA,4,-8.313313096022755,-8.313313096022755,-0.010575349691754393
theft_person,PFA,5,-8.284661009523079,-8.177269726259702,-0.0934905672867952
theft_person,PFA,6,-8.261195343072163,-8.10235841240076,-0.05890196776708173
theft_person,PFA,7,-8.243953380679757,-8.236560962120766,-0.05958368396393487
theft_person,PFA,8,-8.233972406355614,-8.233972406355614,-0.04803269607836801
theft_person,PFA,9,-8.232269556690454,-8.124878273427077,-0.08451707855544417
theft_person,PFA,10,-8.239078737360103,-8.080241806688697,0.005041741758904393
theft_person,PFA,11,-8.253616409379234,-8.246223990820244,-0.042138056916743424
theft_person,PFA,12,-8.275031036223302,-8.275031036223302,0.05125401381155859
theft_person,PFA,13,-8.302471081367742,-8.195079798104365,0.03400983120057903
theft_person,PFA,14,-8.335085008288004,-8.176248077616599,0.08321224998649004
theft_person,PFA,15,-8.37202128045953,-8.364628861900538,0.16019671408731762
theft_person,PFA,16,-8.412428361357764,-8.412428361357764,0.22879735454306624
theft_person,PFA,17,-8.455454714458151,-8.348063431194774,0.1933757719434478
theft_person,PFA,18,-8.500144867198813,-8.341307936527409,0.201013306828225
theft_person,PFA,19,-8.544775194742067,-8.537382776183076,0.22976928851778727
theft_person,PFA,20,-8.587277784126606,-8.587277784126606,-0.7010634821518124
theft_person,PFA,21,-8.625583098390539,-8.518191815127162,-0.15171004593111628
theft_person,PFA,22,-8.657621600571975,-8.498784669900571,-0.28712084163286605
theft_person,PFA,23,-8.681323753709027,-8.673931335150035,-0.48686993771936055
theft_person,PFA,24,-8.694620020839805,-8.694620020839805,-0.005034610125101047
theft_person,PFA,25,-8.695440865002418,-8.58804958173904,0.13619790838414575
theft_person,PFA,26,-8.681725096260463,-8.522888165589057,0.17447771443159393
theft_person,PFA,27,-8.653181094080978,-8.645788675521986,0.19888097984340633
theft_person,PFA,28,-8.613465380986778,-8.613465380986778,0.2644261740131471
theft_person,PFA,29,-8.566768689131905,-8.459377405868528,0.10221043932619732
theft_person,PFA,30,-8.517281750670405,-8.358444819999,0.05252552600440713
theft_person,PFA,31,-8.469195297756317,-8.461802879197325,0.07375466664021146
theft_person,PFA,32,-8.426700062543686,-8.426700062543686,0.08219056143065127
theft_person,PFA,33,-8.393986777186555,-8.286595493923178,-0.06584591432356196
theft_person,PFA,34,-8.375246173838965,-8.216409243167561,-0.1326994637507655
theft_person,PFA,35,-8.37443506836103,-8.367042649802038,-0.1278960282489225
theft_person,PFA,36,-8.392010195770352,-8.392010195770352,0.026098655557681528
theft_person,PFA,37,-8.425733921921118,-8.31834263865774,-0.06952874905206585
theft_person,PFA,38,-8.473299304135978,-8.314462373464574,-0.07011571766817647
theft_person,PFA,39,-8.532399399737583,-8.525006981178592,-0.0725009610949674
theft_person,PFA,40,-8.600727266048585,-8.600727266048585,0.03487229329272788
theft_person,PFA,41,-8.675975960391634,-8.568584677128257,0.014153120733778569
theft_person,PFA,42,-8.75583854008938,-8.597001609417976,0.0018335087402201842
theft_person,PFA,43,-8.838008062464477,-8.830615643905485,0.09423193895008912
theft_person_and_other_theft,CSP,0,-6.553474821325537,-6.553474821325537,0.10015568753956583
theft_person_and_other_theft,CSP,1,-6.52402854839173,-6.475892313084006,0.019171051670063475
theft_person_and_other_theft,CSP,2,-6.495455380331302,-6.477534171183965,-0.027825308072443638
theft_person_and_other_theft,CSP,3,-6.468628422017631,-6.533420678829518,-0.04532991377290897
theft_person_and_other_theft,CSP,4,-6.4444207783240985,-6.4444207783240985,-0.024509342423099125
theft_person_and_other_theft,CSP,5,-6.423705554124084,-6.3755693188163605,-0.03686736987838471
theft_person_and_other_theft,CSP,6,-6.407355854290963,-6.389434645143626,-0.06305921395858459
theft_person_and_other_theft,CSP,7,-6.396244783698118,-6.461037040510005,-0.03337371205858343
theft_person_and_other_theft,CSP,8,-6.391245447218926,-6.391245447218926,-0.0025024220597832853
theft_person_and_other_theft,CSP,9,-6.3932103478440725,-6.3450741125363495,-0.018778643924248994
theft_person_and_other_theft,CSP,10,-6.402191090374518,-6.384269881227181,-0.02266917854024327
theft_person_and_other_theft,CSP,11,-6.417198884535175,-6.481991141347061,-0.016619907818952496
theft_person_and_other_theft,CSP,12,-6.437175408696866,-6.437175408696866,0.04218258446376812
theft_person_and_other_theft,CSP,13,-6.461062341230414,-6.41292610592269,0.0423925196645422
theft_person_and_other_theft,CSP,14,-6.487801360506641,-6.469880151359304,0.050290475144227194
theft_person_and_other_theft,CSP,15,-6.516334144896371,-6.581126401708257,0.11106402007521143
theft_person_and_other_theft,CSP,16,-6.545602372770425,-6.545602372770425,0.13647108577632477
theft_person_and_other_theft,CSP,17,-6.574547722499625,-6.5264114871919015,0.10121590662043915
theft_person_and_other_theft,CSP,18,-6.602156206742891,-6.584234997595554,0.09298598612666777
theft_person_and_other_theft,CSP,19,-6.6277414962571095,-6.692533753068996,0.08398625103352553
theft_person_and_other_theft,CSP,20,-6.650764119128479,-6.650764119128479,-0.34754604083502605
theft_person_and_other_theft,CSP,21,-6.670685296166461,-6.622549060858737,-0.09534299279422308
theft_person_and_other_theft,CSP,22,-6.686966248180508,-6.669045039033171,-0.15792412677822412
theft_person_and_other_theft,CSP,23,-6.699068195980076,-6.763860452791962,-0.24155938172402872
theft_person_and_other_theft,CSP,24,-6.706452360374622,-6.706452360374622,-0.05399353792427596
theft_person_and_other_theft,CSP,25,-6.708579962173601,-6.660443726865877,0.01770719536607316
theft_person_and_other_theft,CSP,26,-6.704915175156812,-6.686993966009475,0.07914244125667545
theft_person_and_other_theft,CSP,27,-6.6955482028167665,-6.760340459628653,0.10756529374623658
theft_person_and_other_theft,CSP,28,-6.681966003618216,-6.681966003618216,0.15371815938273228
theft_person_and_other_theft,CSP,29,-6.665844526127857,-6.617708290820133,0.09434882153517674
theft_person_and_other_theft,CSP,30,-6.648859718912391,-6.630938509765054,0.08482078786701029
theft_person_and_other_theft,CSP,31,-6.632687530538518,-6.697479787350404,0.08220061137123394
theft_person_and_other_theft,CSP,32,-6.619003909572936,-6.619003909572936,0.03606892393210536
theft_person_and_other_theft,CSP,33,-6.609484804582347,-6.561348569274623,-0.0197649362672603
theft_person_and_other_theft,CSP,34,-6.6058061641334485,-6.587884954986111,-0.023660891268071017
theft_person_and_other_theft,CSP,35,-6.609549332350208,-6.674341589162094,-0.06773331348350438
theft_person_and_other_theft,CSP,36,-6.62088009058383,-6.62088009058383,-0.05186559788707363
theft_person_and_other_theft,CSP,37,-6.63887451715995,-6.590738281852226,-0.10618346667717736
theft_person_and_other_theft,CSP,38,-6.6625806594582135,-6.644659450310877,-0.052878134426374006
theft_person_and_other_theft,CSP,39,-6.691046564858263,-6.7558388216701495,-0.04890646406127046
theft_person_and_other_theft,CSP,40,-6.723320280739741,-6.723320280739741,0.012887371016849917
theft_person_and_other_theft,CSP,41,-6.75844985448229,-6.710313619174566,0.005259905498846402
theft_person_and_other_theft,CSP,42,-6.795483333465553,-6.777562124318216,0.038709995012385395
theft_person_and_other_theft,CSP,43,-6.833468765069173,-6.898261021881059,0.06702832332743917
theft_person_and_other_theft,PFA,0,-6.451282275047469,-6.451282275047469,0.115275265218252
theft_person_and_other_theft,PFA,1,-6.426551642339329,-6.3716138029973255,0.030447667047260832
theft_person_and_other_theft,PFA,2,-6.402551066966369,-6.369911941619181,-0.0375439020412282
theft_person_and_other_theft,PFA,3,-6.380010606263772,-6.435383339034107,-0.05860195252499826
theft_person_and_other_theft,PFA,4,-6.359660317566718,-6.359660317566718,-0.03670717281069058
theft_person_and_other_theft,PFA,5,-6.342230258210386,-6.2872924188683825,-0.04592598687008585
theft_person_and_other_theft,PFA,6,-6.328450485529959,-6.295811360182769,-0.06786780463587479
theft_person_and_other_theft,PFA,7,-6.319051056860617,-6.374423789630952,-0.03064535571355283
theft_person_and_other_theft,PFA,8,-6.31476202953754,-6.31476202953754,0.008544755789881628
theft_person_and_other_theft,PFA,9,-6.316298223123962,-6.261360383781958,-0.015001849803163
theft_person_and_other_theft,PFA,10,-6.323782088798574,-6.291142963451385,-0.020364225084856767
theft_person_and_other_theft,PFA,11,-6.336566570256621,-6.391939303026956,-0.01708770008344231
theft_person_and_other_theft,PFA,12,-6.3539531837130125,-6.3539531837130125,0.04242211065263546
theft_person_and_other_theft,PFA,13,-6.375243445382667,-6.320305606040663,0.04065413088879403
theft_person_and_other_theft,PFA,14,-6.399738871480495,-6.367099746133307,0.04766845722116876
theft_person_and_other_theft,PFA,15,-6.426740978221409,-6.482113710991745,0.11908660131530587
theft_person_and_other_theft,PFA,16,-6.455551281820325,-6.455551281820325,0.14682454809507672
theft_person_and_other_theft,PFA,17,-6.485471298492153,-6.4305334591501495,0.10932232143272881
theft_person_and_other_theft,PFA,18,-6.515763612752683,-6.483124487405495,0.10573753240119882
theft_person_and_other_theft,PFA,19,-6.545403079528848,-6.600775812299183,0.10342182938246439
theft_person_and_other_theft,PFA,20,-6.57323559249423,-6.57323559249423,-0.38757771440124433
theft_person_and_other_theft,PFA,21,-6.598106437014612,-6.543168597672608,-0.10860247316176819
theft_person_and_other_theft,PFA,22,-6.618860898455773,-6.586221773108584,-0.1745492992224138
theft_person_and_other_theft,PFA,23,-6.634344262183496,-6.689716994953831,-0.2708828429412822
theft_person_and_other_theft,PFA,24,-6.643401813563562,-6.643401813563562,-0.04898431474636022
theft_person_and_other_theft,PFA,25,-6.644878837961756,-6.589940998619753,0.03367648106033959
theft_person_and_other_theft,PFA,26,-6.637625428066242,-6.604986302719054,0.09936575564748268
theft_person_and_other_theft,PFA,27,-6.621510828910848,-6.6768835616811835,0.12082246140856247
theft_person_and_other_theft,PFA,28,-6.598678149017604,-6.598678149017604,0.16946310410542506
theft_person_and_other_theft,PFA,29,-6.571578165541188,-6.516640326199184,0.09634900035264414
theft_person_and_other_theft,PFA,30,-6.5426616556362776,-6.510022530289088,0.09324896393573752
theft_person_and_other_theft,PFA,31,-6.514379396457555,-6.56975212922789,0.07453171886178944
theft_person_and_other_theft,PFA,32,-6.489182165159696,-6.489182165159696,0.024250258265878132
theft_person_and_other_theft,PFA,33,-6.469520738897385,-6.4145828995553815,-0.04749168244188604
theft_person_and_other_theft,PFA,34,-6.457845894825298,-6.425206769478109,-0.051441065600034246
theft_person_and_other_theft,PFA,35,-6.456472387222007,-6.511845119992342,-0.060819384410410016
theft_person_and_other_theft,PFA,36,-6.465679665108757,-6.465679665108757,-0.035507069065136454
theft_person_and_other_theft,PFA,37,-6.484180395489394,-6.42924255614739,-0.08851187870255703
theft_person_and_other_theft,PFA,38,-6.510646942293364,-6.4780078169461754,-0.035335099429548184
theft_person_and_other_theft,PFA,39,-6.54375166945011,-6.599124402220445,-0.04606334213033681
theft_person_and_other_theft,PFA,40,-6.582166940889078,-6.582166940889078,0.003255720383426535
theft_person_and_other_theft,PFA,41,-6.62456512053971,-6.5696272811977074,-0.001266356974329479
theft_person_and_other_theft,PFA,42,-6.669618572331456,-6.636979446984267,0.03861528803779111
theft_person_and_other_theft,PFA,43,-6.715999660193756,-6.771372392964091,0.06422065481877973
veh_theft_from_mv,CSP,0,-7.130340763809843,-7.130340763809843,0.09369605108503583
veh_theft_from_mv,CSP,1,-7.0989340168908095,-7.033301323821879,-0.013569196566112192
veh_theft_from_mv,CSP,2,-7.068177181968749,-6.948048609073211,-0.013414424682997816
veh_theft_from_mv,CSP,3,-7.038720171040631,-6.978180134047203,-0.04879790975824171
veh_theft_from_mv,CSP,4,-7.011212896103427,-7.011212896103427,-0.02908511956455992
veh_theft_from_mv,CSP,5,-6.986305269154114,-6.920672576085184,-0.03092161743895755
veh_theft_from_mv,CSP,6,-6.964647202189656,-6.844518629294119,-0.044540121483336644
veh_theft_from_mv,CSP,7,-6.946888607207031,-6.8863485702136025,-0.006609605145488455
veh_theft_from_mv,CSP,8,-6.933679396203208,-6.933679396203208,0.05388135395144987
veh_theft_from_mv,CSP,9,-6.925661764833009,-6.860029071764079,0.01978548125122314
veh_theft_from_mv,CSP,10,-6.923177935950133,-6.803049363054597,-0.03868978820487379
veh_theft_from_mv,CSP,11,-6.9261804571296555,-6.865640420136228,-0.031531346863017944
veh_theft_from_mv,CSP,12,-6.934595833291893,-6.934595833291893,0.011936397537074232
veh_theft_from_mv,CSP,13,-6.948350569357161,-6.882717876288231,-0.009003701694938056
veh_theft_from_mv,CSP,14,-6.967371170245773,-6.847242597350236,0.03735930291062453
veh_theft_from_mv,CSP,15,-6.991584140878045,-6.9310441038846164,0.03605627508174006
veh_theft_from_mv,CSP,16,-7.020915986174292,-7.020915986174292,0.10597410469253675
veh_theft_from_mv,CSP,17,-7.0552932110548285,-6.989660517985899,0.08448443984287962
veh_theft_from_mv,CSP,18,-7.094503021058578,-6.974374448163042,0.10484801432550826
veh_theft_from_mv,CSP,19,-7.137303112233851,-7.076763075240423,0.14578470728204088
veh_theft_from_mv,CSP,20,-7.181989751428089,-7.181989751428089,-0.32671233925625964
veh_theft_from_mv,CSP,21,-7.226857028935903,-7.161224335866973,-0.08569002385408474
veh_theft_from_mv,CSP,22,-7.270199035051903,-7.150070462156365,-0.0776018895692573
veh_theft_from_mv,CSP,23,-7.310309860070697,-7.249769823077269,-0.13154900222030905
veh_theft_from_mv,CSP,24,-7.345483594286895,-7.345483594286895,-0.0610118786134636
veh_theft_from_mv,CSP,25,-7.37401432799511,-7.30838163492618,-0.02283825138316877
veh_theft_from_mv,CSP,26,-7.394201563123355,-7.274072990227817,0.03238570411607683
veh_theft_from_mv,CSP,27,-7.405492067882351,-7.344952030888924,0.022758495105124565
veh_theft_from_mv,CSP,28,-7.409892313085248,-7.409892313085248,0.1472620073738666
veh_theft_from_mv,CSP,29,-7.409755114083372,-7.344122421014442,0.09251813161402046
veh_theft_from_mv,CSP,30,-7.407433286228045,-7.287304713332508,0.08032249722126611
veh_theft_from_mv,CSP,31,-7.405279644870596,-7.344739607877168,0.08934452764311193
veh_theft_from_mv,CSP,32,-7.405647005362348,-7.405647005362348,0.00696110000786491
veh_theft_from_mv,CSP,33,-7.410888183054626,-7.345255489985695,-0.013109881372057625
veh_theft_from_mv,CSP,34,-7.423355993298756,-7.303227420403218,-0.041935992443019245
veh_theft_from_mv,CSP,35,-7.445274510481136,-7.3847344734877085,-0.06229944791587978
veh_theft_from_mv,CSP,36,-7.476941462698202,-7.476941462698202,0.02040727746152741
veh_theft_from_mv,CSP,37,-7.517171672857817,-7.451538979788888,-0.04640968580737366
veh_theft_from_mv,CSP,38,-7.564741818396764,-7.444613245501228,-0.06903586928124289
veh_theft_from_mv,CSP,39,-7.618428576751818,-7.55788853975839,-0.08563049310235114
veh_theft_from_mv,CSP,40,-7.677008625359759,-7.677008625359759,-0.022432692821482313
veh_theft_from_mv,CSP,41,-7.739258641657365,-7.673625948588434,0.024064640567975016
veh_theft_from_mv,CSP,42,-7.803955303081413,-7.683826730185876,0.030441728089168844
veh_theft_from_mv,CSP,43,-7.869875287068684,-7.8093352500752555,0.07188169398759892
veh_theft_from_mv,PFA,0,-7.047929386150052,-7.047929386150052,0.10929087923794963
veh_theft_from_mv,PFA,1,-7.020354339049537,-6.952947646310544,-0.003877723354181207
veh_theft_from_mv,PFA,2,-6.993360547940948,-6.872704711159913,-0.024896372046570376
veh_theft_from_mv,PFA,3,-6.967529268816202,-6.910674316658542,-0.061002476587024776
veh_theft_from_mv,PFA,4,-6.943441757667226,-6.943441757667226,-0.04221585939390099
veh_theft_from_mv,PFA,5,-6.921679270485942,-6.854272577746949,-0.03934197555620593
veh_theft_from_mv,PFA,6,-6.9028230632642735,-6.7821672264832396,-0.0428379631744757
veh_theft_from_mv,PFA,7,-6.8874543919941456,-6.830599439836486,0.0004950568508492581
veh_theft_from_mv,PFA,8,-6.876154512667478,-6.876154512667478,0.05328322116651384
veh_theft_from_mv,PFA,9,-6.869498378019588,-6.802091685280595,0.017456648725746635
veh_theft_from_mv,PFA,10,-6.8678159016852085,-6.747160064904174,-0.029003816086204486
veh_theft_from_mv,PFA,11,-6.87111868284043,-6.81426373068277,-0.019911704539008993
veh_theft_from_mv,PFA,12,-6.879397047170297,-6.879397047170297,0.014445800932011534
veh_theft_from_mv,PFA,13,-6.892641320359857,-6.825234627620864,-0.013181904630853525
veh_theft_from_mv,PFA,14,-6.910841828094154,-6.79018599131312,0.03711637576516288
veh_theft_from_mv,PFA,15,-6.933988896058233,-6.877133943900573,0.03962221830762712
veh_theft_from_mv,PFA,16,-6.9620728499371385,-6.9620728499371385,0.10523121571003229
veh_theft_from_mv,PFA,17,-6.995084015415916,-6.927677322676923,0.07931328449941617
veh_theft_from_mv,PFA,18,-7.032866268629787,-6.912210431848752,0.10111317995391339
veh_theft_from_mv,PFA,19,-7.074181132009812,-7.0173261798521525,0.1462388323497477
veh_theft_from_mv,PFA,20,-7.117305013853265,-7.117305013853265,-0.32749206510952944
veh_theft_from_mv,PFA,21,-7.160512034183197,-7.093105341444204,-0.08554394971951938
veh_theft_from_mv,PFA,22,-7.202076313022669,-7.081420476241634,-0.08399597929610994
veh_theft_from_mv,PFA,23,-7.2402719703947325,-7.183417018237074,-0.13389065315527185
veh_theft_from_mv,PFA,24,-7.273373126322446,-7.273373126322446,-0.05731688703334301
veh_theft_from_mv,PFA,25,-7.299653900828865,-7.232247208089872,-0.018291921535436996
veh_theft_from_mv,PFA,26,-7.3173939064821285,-7.196738069701094,0.03642076913510217
veh_theft_from_mv,PFA,27,-7.326037175408508,-7.269182223250847,0.03217812622129379
veh_theft_from_mv,PFA,28,-7.327625713559718,-7.327625713559718,0.1428539468727361
veh_theft_from_mv,PFA,29,-7.324553049772947,-7.257146357033954,0.08955027999447619
veh_theft_from_mv,PFA,30,-7.319212712885385,-7.19855687610435,0.07815361426004003
veh_theft_from_mv,PFA,31,-7.313998231734221,-7.25714327957656,0.08976920469785173
veh_theft_from_mv,PFA,32,-7.311303135156641,-7.311303135156641,0.000645868688749742
veh_theft_from_mv,PFA,33,-7.313520951989835,-7.246114259250842,-0.016184696677108312
veh_theft_from_mv,PFA,34,-7.323045211070992,-7.202389374289957,-0.042372904006803484
veh_theft_from_mv,PFA,35,-7.3421386618998215,-7.285283709742161,-0.06901431905983657
veh_theft_from_mv,PFA,36,-7.371107207593023,-7.371107207593023,0.02517939578342759
veh_theft_from_mv,PFA,37,-7.4087503670467125,-7.341343674307719,-0.03185582400357065
veh_theft_from_mv,PFA,38,-7.453828909723676,-7.333173072942641,-0.06353212602930036
veh_theft_from_mv,PFA,39,-7.505103605086701,-7.448248652929041,-0.0941344759039262
veh_theft_from_mv,PFA,40,-7.561335222598575,-7.561335222598575,-0.022787951000964028
veh_theft_from_mv,PFA,41,-7.621284531722087,-7.553877838983094,0.020975617860917006
veh_theft_from_mv,PFA,42,-7.683712301920024,-7.563056465138989,0.033499283059785785
veh_theft_from_mv,PFA,43,-7.7473793026551725,-7.690524350497514,0.06962450816632816
veh_theft_of_mv,CSP,0,-8.259110566565388,-8.259110566565388,0.0708286805389659
veh_theft_of_mv,CSP,1,-8.204116986259132,-8.14775686066639,-0.008856056111038436
veh_theft_of_mv,CSP,2,-8.149993467878996,-8.094514647569675,-0.0031319340308715742
veh_theft_of_mv,CSP,3,-8.097610073351092,-8.085892862179511,-0.02035294971741517
veh_theft_of_mv,CSP,4,-8.047836864601543,-8.047836864601543,-0.030084092473653953
veh_theft_of_mv,CSP,5,-8.001543903556463,-7.945183777963721,-0.016111687923166994
veh_theft_of_mv,CSP,6,-7.959601252141971,-7.904122431832649,-0.031048471815783622
veh_theft_of_mv,CSP,7,-7.922878972284184,-7.911161761112603,-0.05219833063103699
veh_theft_of_mv,CSP,8,-7.8922471259092175,-7.8922471259092175,0.03051692286576733
veh_theft_of_mv,CSP,9,-7.86855809635954,-7.812197970766799,-0.0005336358130314217
veh_theft_of_mv,CSP,10,-7.851977012038165,-7.796498191728843,-0.030953126520722154
veh_theft_of_mv,CSP,11,-7.841776232873705,-7.830059021702124,-0.04186036577231263
veh_theft_of_mv,CSP,12,-7.837168453574946,-7.837168453574946,0.015757243573164062
veh_theft_of_mv,CSP,13,-7.837366368850677,-7.781006243257935,0.03956553964423688
veh_theft_of_mv,CSP,14,-7.841582673409689,-7.786103853100368,0.06196008809139613
veh_theft_of_mv,CSP,15,-7.849030061960768,-7.837312850789188,0.05835453653522204
veh_theft_of_mv,CSP,16,-7.8589212292127035,-7.8589212292127035,0.09244192272884172
veh_theft_of_mv,CSP,17,-7.870468869874283,-7.814108744281541,0.05963095129049891
veh_theft_of_mv,CSP,18,-7.882872290174616,-7.827393469865294,0.08195116805904347
veh_theft_of_mv,CSP,19,-7.895231847110167,-7.883514635938587,0.09745642059173248
veh_theft_of_mv,CSP,20,-7.906603548338463,-7.906603548338463,-0.23039075518999472
veh_theft_of_mv,CSP,21,-7.9160431923220305,-7.859683066729289,-0.09747046142078115
veh_theft_of_mv,CSP,22,-7.9226065775234025,-7.867127757214081,-0.07887813087095581
veh_theft_of_mv,CSP,23,-7.925349502405105,-7.913632291233524,-0.16267695628833162
veh_theft_of_mv,CSP,24,-7.923327765429669,-7.923327765429669,-0.11198094917911437
veh_theft_of_mv,CSP,25,-7.915597165059625,-7.859237039466883,-0.029321001189454507
veh_theft_of_mv,CSP,26,-7.901217602418079,-7.845738782108757,0.060688197255956665
veh_theft_of_mv,CSP,27,-7.880118742670808,-7.868401531499228,0.07295554159129905
veh_theft_of_mv,CSP,28,-7.8541708094372735,-7.8541708094372735,0.12368041431917809
veh_theft_of_mv,CSP,29,-7.825506596613968,-7.769146471021227,0.09100330511015636
veh_theft_of_mv,CSP,30,-7.7962588980973875,-7.740780077788066,0.07729775275188801
veh_theft_of_mv,CSP,31,-7.7685605077840245,-7.756843296612444,0.07550555151347497
veh_theft_of_mv,CSP,32,-7.744544219570372,-7.744544219570372,0.04852667317712479
veh_theft_of_mv,CSP,33,-7.7263428273529255,-7.669982701760183,0.008588186310916558
veh_theft_of_mv,CSP,34,-7.716089125028175,-7.660610304718854,-0.049350112116048825
veh_theft_of_mv,CSP,35,-7.715793357348564,-7.704076146176984,-0.0426997612825235
veh_theft_of_mv,CSP,36,-7.725632070762886,-7.725632070762886,-0.013379700655869119
veh_theft_of_mv,CSP,37,-7.744370227134711,-7.68801010154197,-0.05517208632455548
veh_theft_of_mv,CSP,38,-7.770736477470112,-7.71525765716079,-0.0984004850454245
veh_theft_of_mv,CSP,39,-7.803459472775156,-7.791742261603575,-0.09015626098401489
veh_theft_of_mv,CSP,40,-7.841267864055917,-7.841267864055917,0.0036122932466964874
veh_theft_of_mv,CSP,41,-7.882890302318465,-7.826530176725724,0.008846000095340879
veh_theft_of_mv,CSP,42,-7.927055438568872,-7.87157661825955,0.012809546900664057
veh_theft_of_mv,CSP,43,-7.972491923813207,-7.960774712641626,0.10322190163063771
veh_theft_of_mv,PFA,0,-8.174635987693136,-8.174635987693136,0.08472039730166854
veh_theft_of_mv,PFA,1,-8.12253227057226,-8.065668063968396,0.0011860449550162582
veh_theft_of_mv,PFA,2,-8.071275495250344,-8.01562823862082,-0.011437130675900941
veh_theft_of_mv,PFA,3,-8.021712603526352,-8.011751459527565,-0.033523226642797097
veh_theft_of_mv,PFA,4,-7.974690537199246,-7.974690537199246,-0.04453979664579902
veh_theft_of_mv,PFA,5,-7.931056238067989,-7.8741920314641245,-0.02246357325178883
veh_theft_of_mv,PFA,6,-7.89165664793154,-7.836009391302016,-0.028748288779955167
veh_theft_of_mv,PFA,7,-7.8573387085888635,-7.847377564590077,-0.0450454025073738
veh_theft_of_mv,PFA,8,-7.82894936183892,-7.82894936183892,0.03222418019874341
veh_theft_of_mv,PFA,9,-7.807318012515342,-7.750453805911478,-0.0103456240548649
veh_theft_of_mv,PFA,10,-7.792592315924509,-7.736945059294985,-0.02655494141336865
veh_theft_of_mv,PFA,11,-7.784034310623572,-7.7740731666247855,-0.03205483761606063
veh_theft_of_mv,PFA,12,-7.780846847911697,-7.780846847911697,0.025230470762561675
veh_theft_of_mv,PFA,13,-7.782232779088042,-7.725368572484177,0.04467020565273727
veh_theft_of_mv,PFA,14,-7.7873949554517665,-7.731747698822243,0.05793180625155682
veh_theft_of_mv,PFA,15,-7.795536228302037,-7.78557508430325,0.060341347163062296
veh_theft_of_mv,PFA,16,-7.80585944893801,-7.80585944893801,0.09457521694824604
veh_theft_of_mv,PFA,17,-7.817567468658849,-7.760703262054984,0.057902646448207654
veh_theft_of_mv,PFA,18,-7.829853574298271,-7.774206317668748,0.07782573313005742
veh_theft_of_mv,PFA,19,-7.841840365312603,-7.831879221313816,0.09443072248273318
veh_theft_of_mv,PFA,20,-7.852618758866389,-7.852618758866389,-0.24194988830978853
veh_theft_of_mv,PFA,21,-7.861279522679407,-7.804415316075542,-0.10142328404116821
veh_theft_of_mv,PFA,22,-7.866913424471434,-7.811266167841911,-0.07794188461891668
veh_theft_of_mv,PFA,23,-7.8686112319622445,-7.858650087963458,-0.16123851276159798
veh_theft_of_mv,PFA,24,-7.865463712871617,-7.865463712871617,-0.10711148036348228
veh_theft_of_mv,PFA,25,-7.856561634919327,-7.799697428315462,-0.0267754516631537
veh_theft_of_mv,PFA,26,-7.840999824821729,-7.785352568192206,0.07131058126973312
veh_theft_of_mv,PFA,27,-7.818733616570402,-7.808772472571615,0.07873626553233774
veh_theft_of_mv,PFA,28,-7.791638249539837,-7.791638249539837,0.12077061982599828
veh_theft_of_mv,PFA,29,-7.761848738885721,-7.704984532281856,0.08855717142099218
veh_theft_of_mv,PFA,30,-7.731500099763742,-7.675852843134218,0.07730491599907653
veh_theft_of_mv,PFA,31,-7.702727347329589,-7.692766203330803,0.07346644043730244
veh_theft_of_mv,PFA,32,-7.677665496738954,-7.677665496738954,0.042499255586970985
veh_theft_of_mv,PFA,33,-7.658449563147522,-7.601585356543657,-0.0024362767099398563
veh_theft_of_mv,PFA,34,-7.647214561710982,-7.591567305081458,-0.05806090743769245
veh_theft_of_mv,PFA,35,-7.645972726304367,-7.6360115823055805,-0.044402794672273795
veh_theft_of_mv,PFA,36,-7.654899119047747,-7.654899119047747,-0.010885962645687823
veh_theft_of_mv,PFA,37,-7.672754543606242,-7.6158903370023765,-0.0372371962282781
veh_theft_of_mv,PFA,38,-7.698263424006264,-7.64261616737674,-0.08893507184960128
veh_theft_of_mv,PFA,39,-7.730150184274227,-7.72018904027544,-0.09062913312643134
veh_theft_of_mv,PFA,40,-7.767139248436541,-7.767139248436541,0.004261040475641908
veh_theft_of_mv,PFA,41,-7.807955040519619,-7.751090833915755,0.008260307238163246
veh_theft_of_mv,PFA,42,-7.851321984549875,-7.795674727920351,0.010061220872686159
veh_theft_of_mv,PFA,43,-7.895964504553717,-7.8860033605549305,0.0976908071994456
vehicle_offences,CSP,0,-6.717893755501527,-6.717893755501527,0.08936949499885433
vehicle_offences,CSP,1,-6.676072339457165,-6.622597009286517,-0.01005039031037029
vehicle_offences,CSP,2,-6.635013624984211,-6.5370219737934425,-0.006719271982781893
vehicle_offences,CSP,3,-6.595480313654077,-6.541243978893318,-0.0422384512252522
vehicle_offences,CSP,4,-6.55823510703817,-6.55823510703817,-0.03812605830509685
vehicle_offences,CSP,5,-6.5240407067079,-6.470565376537253,-0.034685583234597535
vehicle_offences,CSP,6,-6.493659814234679,-6.3956681630439105,-0.03992146816162503
vehicle_offences,CSP,7,-6.467855131189912,-6.413618796429153,-0.01749719206647648
vehicle_offences,CSP,8,-6.447389359145011,-6.447389359145011,0.042334151704166725
vehicle_offences,CSP,9,-6.433013303603889,-6.379537973433241,0.022161064301673316
vehicle_offences,CSP,10,-6.425015310446466,-6.327023659255698,-0.02634404284228155
vehicle_offences,CSP,11,-6.423082974144018,-6.368846639383259,-0.0240762214584602
vehicle_offences,CSP,12,-6.42686373994001,-6.42686373994001,0.01148289453448503
vehicle_offences,CSP,13,-6.436005053077911,-6.382529722907264,-0.0016071440159051483
vehicle_offences,CSP,14,-6.450154358801187,-6.35216270761042,0.04219788637747806
vehicle_offences,CSP,15,-6.468959102353304,-6.414722767592545,0.045095927676107726
vehicle_offences,CSP,16,-6.49206672897773,-6.49206672897773,0.08979805847951326
vehicle_offences,CSP,17,-6.519124683917931,-6.465649353747284,0.06608378895854515
vehicle_offences,CSP,18,-6.549682644590119,-6.451690993399351,0.08620166079150487
vehicle_offences,CSP,19,-6.582567723062198,-6.5283313883014396,0.12248852576590923
vehicle_offences,CSP,20,-6.61628317547429,-6.61628317547429,-0.271167410654591
vehicle_offences,CSP,21,-6.649330730344216,-6.595855400173568,-0.08214331433501153
vehicle_offences,CSP,22,-6.680212116189796,-6.582220464999027,-0.06667291479295963
vehicle_offences,CSP,23,-6.707429061528849,-6.653192726768091,-0.13349534669422486
vehicle_offences,CSP,24,-6.7294832948791985,-6.7294832948791985,-0.07817059340689025
vehicle_offences,CSP,25,-6.744876544758663,-6.691401214588015,-0.02525449311061897
vehicle_offences,CSP,26,-6.7521156359437535,-6.654123984752985,0.045017201723006155
vehicle_offences,CSP,27,-6.750787800053203,-6.696551465292444,0.03629765205263077
vehicle_offences,CSP,28,-6.742890799065986,-6.742890799065986,0.13648130880775633
vehicle_offences,CSP,29,-6.730748555517219,-6.677273225346572,0.08374436512720278
vehicle_offences,CSP,30,-6.716684991942023,-6.618693340751255,0.06687141136636557
vehicle_offences,CSP,31,-6.703024030875509,-6.648787696114752,0.07201965665354304
vehicle_offences,CSP,32,-6.692089594852801,-6.692089594852801,0.01639315303326994
vehicle_offences,CSP,33,-6.68620560640901,-6.632730276238362,0.003255410079033049
vehicle_offences,CSP,34,-6.687695988079257,-6.589704336888489,-0.04133011386686066
vehicle_offences,CSP,35,-6.698756512464152,-6.644520177703394,-0.04863785078237519
vehicle_offences,CSP,36,-6.719665449440598,-6.719665449440598,0.011162681075322332
vehicle_offences,CSP,37,-6.749224971491741,-6.695749641321093,-0.045001625550936564
vehicle_offences,CSP,38,-6.78619928074977,-6.688207629559002,-0.07848257312681922
vehicle_offences,CSP,39,-6.8293525793468675,-6.77511624458611,-0.0867664540063656
vehicle_offences,CSP,40,-6.877449069415222,-6.877449069415222,-0.009377797508611209
vehicle_offences,CSP,41,-6.929252953087021,-6.875777622916372,0.02255672158951997
vehicle_offences,CSP,42,-6.983528432494446,-6.885536781303679,0.020658814380228093
vehicle_offences,CSP,43,-7.039039709769686,-6.984803375008928,0.07598582339089768
vehicle_offences,PFA,0,-6.6368930763615355,-6.6368930763615355,0.10478786515450549
vehicle_offences,PFA,1,-6.599512705758977,-6.543934256181086,0.0007885289175155037
vehicle_offences,PFA,2,-6.562820034599213,-6.46451365461432,-0.019662203738903393
vehicle_offences,PFA,3,-6.527502762325038,-6.476246998255675,-0.055218718839386526
vehicle_offences,PFA,4,-6.494248588379246,-6.494248588379246,-0.05029244667579804
vehicle_offences,PFA,5,-6.463745212204632,-6.40816676262674,-0.04297133470698324
vehicle_offences,PFA,6,-6.436680333243989,-6.338373953259096,-0.038589700286417554
vehicle_offences,PFA,7,-6.413741650940115,-6.362485886870752,-0.009608207752840462
vehicle_offences,PFA,8,-6.395616864735801,-6.395616864735801,0.04369218474812206
vehicle_offences,PFA,9,-6.382983456129405,-6.327405006551514,0.02037520335690916
vehicle_offences,PFA,10,-6.376121684029273,-6.27781530404438,-0.020066684020441067
vehicle_offences,PFA,11,-6.37479580114965,-6.323540037080288,-0.014712435288455727
vehicle_offences,PFA,12,-6.378735574642312,-6.378735574642312,0.015678388182902132
vehicle_offences,PFA,13,-6.3876707716590255,-6.3320923220811345,-0.0024077252688216285
vehicle_offences,PFA,14,-6.401331159351564,-6.303024779366671,0.040517425222152445
vehicle_offences,PFA,15,-6.419446504871695,-6.368190740802333,0.04660258663633896
vehicle_offences,PFA,16,-6.441746575371193,-6.441746575371193,0.08933149671820208
vehicle_offences,PFA,17,-6.467961138001825,-6.412382688423934,0.06199777594917759
vehicle_offences,PFA,18,-6.4977127456211194,-6.399406365636227,0.08451650783794395
vehicle_offences,PFA,19,-6.529831570443191,-6.478575806373828,0.12222216225358422
vehicle_offences,PFA,20,-6.562792637332467,-6.562792637332467,-0.2753472955760151
vehicle_offences,PFA,21,-6.59506929593003,-6.539490846352139,-0.08420767433176889
vehicle_offences,PFA,22,-6.625134895876959,-6.526828515892067,-0.06924712008223421
vehicle_offences,PFA,23,-6.651462786814334,-6.600207022744971,-0.1330460449079534
vehicle_offences,PFA,24,-6.672526318383236,-6.672526318383236,-0.07523823531200373
vehicle_offences,PFA,25,-6.686798840224745,-6.631220390646854,-0.02234278687578866
vehicle_offences,PFA,26,-6.69275887999107,-6.594452500006177,0.05183244438333531
vehicle_offences,PFA,27,-6.689982703693566,-6.6387269396242035,0.04215121586799184
vehicle_offences,PFA,28,-6.680495776607152,-6.680495776607152,0.13097139650825307
vehicle_offences,PFA,29,-6.66665495671895,-6.611076507141059,0.08206479109777377
vehicle_offences,PFA,30,-6.650817102016074,-6.552510722031181,0.06631880350007655
vehicle_offences,PFA,31,-6.635339070485641,-6.584083306416279,0.0737270453126989
vehicle_offences,PFA,32,-6.622577720114769,-6.622577720114769,0.012849871347855143
vehicle_offences,PFA,33,-6.614889908890575,-6.559311459312684,-0.004905727546254475
vehicle_offences,PFA,34,-6.614632494800176,-6.516326114815284,-0.04723659872419699
vehicle_offences,PFA,35,-6.624032572671133,-6.572776808601771,-0.05363088950557837
vehicle_offences,PFA,36,-6.64337559598062,-6.64337559598062,0.014492099716640337
vehicle_offences,PFA,37,-6.671452338849445,-6.615873889271554,-0.02713910314201147
vehicle_offences,PFA,38,-6.707015127054847,-6.608708747069954,-0.06923945039005588
vehicle_offences,PFA,39,-6.74881628637406,-6.697560522304697,-0.09335411488943965
vehicle_offences,PFA,40,-6.795608142584326,-6.795608142584326,-0.01043033235612396
vehicle_offences,PFA,41,-6.846143021462878,-6.790564571884987,0.01766020406280506
vehicle_offences,PFA,42,-6.8991732487869575,-6.800866868802065,0.021826425014518293
vehicle_offences,PFA,43,-6.953451150333798,-6.902195386264435,0.07439782748144791
wounding,CSP,0,-6.412239730118756,-6.412239730118756,0.013225138712425625
wounding,CSP,1,-6.3731124583907945,-6.347096344318661,-0.021959820241925995
wounding,CSP,2,-6.334746756361447,-6.383885715161783,0.05011563068847426
wounding,CSP,3,-6.297904193729328,-6.4030694343918535,0.02255364806326348
wounding,CSP,4,-6.263346340193052,-6.263346340193052,-0.01578305256674241
wounding,CSP,5,-6.231834765451233,-6.2058186513791,-0.030478983699717917
wounding,CSP,6,-6.204131039202488,-6.253269998002824,-0.030483569824777443
wounding,CSP,7,-6.180996731145428,-6.286161971807953,-0.020710512997437938
wounding,CSP,8,-6.1631934109786695,-6.1631934109786695,-0.01101251757803405
wounding,CSP,9,-6.15146251762885,-6.125446403556717,-0.04234360234281137
wounding,CSP,10,-6.1457629062620285,-6.194901865062365,-0.011293678478688616
wounding,CSP,11,-6.145036828059466,-6.250202068721991,-0.017362590380410978
wounding,CSP,12,-6.148158592846998,-6.148158592846998,0.04747796643133864
wounding,CSP,13,-6.1540025104504625,-6.127986396378328,0.030050577850237726
wounding,CSP,14,-6.161442890695699,-6.210581849496035,0.04146563558232289
wounding,CSP,15,-6.1693540434085445,-6.2745192840710695,0.057987004287177256
wounding,CSP,16,-6.176610278414837,-6.176610278414837,0.0426101209567461
wounding,CSP,17,-6.182085905540416,-6.156069791468282,0.018608887046998545
wounding,CSP,18,-6.184790734178515,-6.233929692978851,0.060630872212482145
wounding,CSP,19,-6.184736000212664,-6.2899012408751895,0.055498791199450496
wounding,CSP,20,-6.182381781843399,-6.182381781843399,-0.178918110773578
wounding,CSP,21,-6.178190274451992,-6.152174160379858,0.03830710133717693
wounding,CSP,22,-6.172623673419717,-6.221762632220053,-0.1317778369786426
wounding,CSP,23,-6.166144174127848,-6.271309414790373,-0.21396112210627938
wounding,CSP,24,-6.159213971957661,-6.159213971957661,0.014703319227370984
wounding,CSP,25,-6.152295262290427,-6.126279148218294,0.03756608035046572
wounding,CSP,26,-6.145849950172616,-6.194988908972952,0.06701115173700793
wounding,CSP,27,-6.140278389671691,-6.245443630334216,0.06623842081556101
wounding,CSP,28,-6.13584360649158,-6.13584360649158,0.058369769412846745
wounding,CSP,29,-6.132790044908596,-6.106773930836463,0.03743203659063359
wounding,CSP,30,-6.131362149199041,-6.180501107999377,0.009124665576202236
wounding,CSP,31,-6.131804363639228,-6.236969604301754,0.03534085128497529
wounding,CSP,32,-6.134361132505458,-6.134361132505458,0.037160708926475675
wounding,CSP,33,-6.139276900074043,-6.113260786001908,-0.01837337919106142
wounding,CSP,34,-6.146796110621289,-6.195935069421625,-0.011915350650140844
wounding,CSP,35,-6.157142077739003,-6.262307318401529,-0.0025565041387924786
wounding,CSP,36,-6.1702219373694325,-6.1702219373694325,-0.023754498970156405
wounding,CSP,37,-6.185699431274099,-6.159683317201965,-0.04853498456299113
wounding,CSP,38,-6.203232040270969,-6.252370999071305,-0.04398622027167158
wounding,CSP,39,-6.222477245178007,-6.327642485840532,-0.03231190359396626
wounding,CSP,40,-6.243092526813182,-6.243092526813182,0.014576596859538549
wounding,CSP,41,-6.264735365994459,-6.238719251922325,7.359791260097962e-05
wounding,CSP,42,-6.287063243539802,-6.3362022023401385,0.003670979959350416
wounding,CSP,43,-6.309733640267181,-6.414898880929706,0.0482920091948904
wounding,PFA,0,-6.340273825952641,-6.340273825952641,0.026264151522721272
wounding,PFA,1,-6.306013645091825,-6.277643717735426,-0.005736796808871719
wounding,PFA,2,-6.272425403759434,-6.322309880674397,0.03550832717028945
wounding,PFA,3,-6.2401810414838845,-6.346564541066893,0.009838287561980312
wounding,PFA,4,-6.209952497793603,-6.209952497793603,-0.028479273729252838
wounding,PFA,5,-6.182411712217007,-6.154041784860608,-0.0379698151210275
wounding,PFA,6,-6.158230624282523,-6.208115101197486,-0.030298021901053882
wounding,PFA,7,-6.138081173518571,-6.24446467310158,-0.017627268549007584
wounding,PFA,8,-6.122635299453571,-6.122635299453571,-0.007997023516618853
wounding,PFA,9,-6.112547128308166,-6.084177200951767,-0.04191264073204745
wounding,PFA,10,-6.107778293962968,-6.1576627708779315,-0.004777502305372022
wounding,PFA,11,-6.1073908582556,-6.213774357838608,-0.012782161591006081
wounding,PFA,12,-6.110386763109915,-6.110386763109915,0.04947768133357572
wounding,PFA,13,-6.115767950449771,-6.087398023093372,0.03189189860436506
wounding,PFA,14,-6.122536362199025,-6.172420839113988,0.045389272223405386
wounding,PFA,15,-6.129693940281532,-6.236077439864541,0.061032247174252166
wounding,PFA,16,-6.13624262662115,-6.13624262662115,0.04235106937986696
wounding,PFA,17,-6.141184363141735,-6.112814435785336,0.01769536529596705
wounding,PFA,18,-6.143639879540786,-6.193524356455749,0.060888187334354145
wounding,PFA,19,-6.143607821405385,-6.249991320988394,0.05492867469133544
wounding,PFA,20,-6.141480318822806,-6.141480318822806,-0.18436746399209572
wounding,PFA,21,-6.137651357939285,-6.109281430582886,0.030346720313866468
wounding,PFA,22,-6.132514924901062,-6.182399401816025,-0.13603861058550412
wounding,PFA,23,-6.126465005854373,-6.2328485054373814,-0.2172053635625941
wounding,PFA,24,-6.1198955869454545,-6.1198955869454545,0.013259544628864441
wounding,PFA,25,-6.113200654320544,-6.084830726964145,0.04201714433760263
wounding,PFA,26,-6.10677406180716,-6.156658538722123,0.07468796268963496
wounding,PFA,27,-6.1009816116637205,-6.207365111246729,0.06912124432974741
wounding,PFA,28,-6.0961265193930725,-6.0961265193930725,0.06069059049666497
wounding,PFA,29,-6.092503532099849,-6.06413360474345,0.036331985489741446
wounding,PFA,30,-6.090407396888679,-6.140291873803642,0.009946426592696496
wounding,PFA,31,-6.090132860864196,-6.196516360447204,0.03549519501192219
wounding,PFA,32,-6.091974671131027,-6.091974671131027,0.03778920812597491
wounding,PFA,33,-6.096227574793806,-6.067857647437407,-0.021032780355744813
wounding,PFA,34,-6.10318631895716,-6.153070795872123,-0.014403076265319201
wounding,PFA,35,-6.113121985700643,-6.219505485283652,-0.00299724515053268
wounding,PFA,36,-6.125951558210015,-6.125951558210015,-0.023248748848592717
wounding,PFA,37,-6.141319433641413,-6.112949506285013,-0.04781327842882936
wounding,PFA,38,-6.158862997291689,-6.208747474206652,-0.04356601506079653
wounding,PFA,39,-6.178219634457699,-6.284603134040708,-0.030951109045920862
wounding,PFA,40,-6.199026730436295,-6.199026730436295,0.013072753595742035
wounding,PFA,41,-6.22092167052433,-6.192551743167931,-0.0029787009876028774
wounding,PFA,42,-6.243541840018659,-6.293426316933622,0.004922693915070399
wounding,PFA,43,-6.266524624216133,-6.372908123799142,0.04982939781487716
wounding_less_serious,CSP,0,-6.465477653507223,-6.465477653507223,0.013442646687122063
wounding_less_serious,CSP,1,-6.427013875914133,-6.401945058468422,-0.02143573079937544
wounding_less_serious,CSP,2,-6.389323109370842,-6.437203278568428,0.04772617083095301
wounding_less_serious,CSP,3,-6.353178364927151,-6.4566879060374776,0.022197829163764112
wounding_less_serious,CSP,4,-6.31935265363286,-6.31935265363286,-0.014723035763879254
wounding_less_serious,CSP,5,-6.288618986537769,-6.263550169092058,-0.02748708829631252
wounding_less_serious,CSP,6,-6.261750374691677,-6.309630543889262,-0.031024833775569208
wounding_less_serious,CSP,7,-6.239519829144383,-6.343029370254709,-0.020661737404763902
wounding_less_serious,CSP,8,-6.22270036094569,-6.22270036094569,-0.011134584783430634
wounding_less_serious,CSP,9,-6.212044265337076,-6.186975447891365,-0.04319714866726221
wounding_less_serious,CSP,10,-6.207498510511629,-6.255378679709215,-0.012033152204255515
wounding_less_serious,CSP,11,-6.207963916342335,-6.311473457452662,-0.019040927032216593
wounding_less_serious,CSP,12,-6.212271386849102,-6.212271386849102,0.046501987564479375
wounding_less_serious,CSP,13,-6.219251826051842,-6.19418300860613,0.029502779680962453
wounding_less_serious,CSP,14,-6.227736137970461,-6.275616307168047,0.04077949127531701
wounding_less_serious,CSP,15,-6.236555226624873,-6.340064767735199,0.059790666779688445
wounding_less_serious,CSP,16,-6.244539996034984,-6.244539996034984,0.045585475160014904
wounding_less_serious,CSP,17,-6.250521350220704,-6.225452532774993,0.020849873896380617
wounding_less_serious,CSP,18,-6.253473448393858,-6.3013536175914435,0.06325369433668276
wounding_less_serious,CSP,19,-6.253429195168992,-6.356938736279318,0.05918427669404169
wounding_less_serious,CSP,20,-6.25089602798387,-6.25089602798387,-0.1808676139024378
wounding_less_serious,CSP,21,-6.246383622638626,-6.221314805192915,0.03489143540141948
wounding_less_serious,CSP,22,-6.240401654933391,-6.288281824130977,-0.1334935465062207
wounding_less_serious,CSP,23,-6.233459800668302,-6.336969341778628,-0.2212162888373175
wounding_less_serious,CSP,24,-6.226067735643493,-6.226067735643493,0.012708477442583356
wounding_less_serious,CSP,25,-6.218735135659097,-6.193666318213385,0.035666468622389584
wounding_less_serious,CSP,26,-6.211971325127568,-6.259851494325153,0.06717051298851288
wounding_less_serious,CSP,27,-6.206211134273357,-6.309720675383683,0.06868866737732336
wounding_less_serious,CSP,28,-6.201723186948618,-6.201723186948618,0.060205138279522584
wounding_less_serious,CSP,29,-6.198753618194031,-6.17368480074832,0.04020937607305798
wounding_less_serious,CSP,30,-6.197548563050277,-6.245428732247862,0.01135086479331292
wounding_less_serious,CSP,31,-6.198354156558037,-6.301863697668363,0.038227936189074
wounding_less_serious,CSP,32,-6.2014165337579925,-6.2014165337579925,0.04092522973266433
wounding_less_serious,CSP,33,-6.206981829690823,-6.181913012245111,-0.01729751110260924
wounding_less_serious,CSP,34,-6.21529617939721,-6.263176348594795,-0.01106942257821121
wounding_less_serious,CSP,35,-6.22658390692359,-6.330093448033916,-0.004223189950857534
wounding_less_serious,CSP,36,-6.2407429792173525,-6.2407429792173525,-0.028383010187752602
wounding_less_serious,CSP,37,-6.2574201328847865,-6.232351315439075,-0.05307216470560994
wounding_less_serious,CSP,38,-6.276255642015366,-6.324135811212952,-0.04563075647371391
wounding_less_serious,CSP,39,-6.296889780698568,-6.400399321808894,-0.03340414154399388
wounding_less_serious,CSP,40,-6.318962823023867,-6.318962823023867,0.014474979278888503
wounding_less_serious,CSP,41,-6.342115043080738,-6.317046225635027,0.0018128386953395797
wounding_less_serious,CSP,42,-6.365986714958659,-6.413866884156245,0.005384895663526803
wounding_less_serious,CSP,43,-6.390218112747104,-6.49372765385743,0.049444848424769774
wounding_less_serious,PFA,0,-6.395360152450339,-6.395360152450339,0.02656831966764594
wounding_less_serious,PFA,1,-6.361719530121517,-6.334210482462352,-0.005447556411129182
wounding_less_serious,PFA,2,-6.328762672429286,-6.377233535434887,0.03311390988624778
wounding_less_serious,PFA,3,-6.297173344010229,-6.401944274723734,0.009351332764086758
wounding_less_serious,PFA,4,-6.26763530950094,-6.26763530950094,-0.02688719427101858
wounding_less_serious,PFA,5,-6.240832333538004,-6.213323285878839,-0.034968745072338436
wounding_less_serious,PFA,6,-6.21744818075801,-6.265919043763612,-0.030634950017458508
wounding_less_serious,PFA,7,-6.198166615797547,-6.3029375465110515,-0.01771933474894363
wounding_less_serious,PFA,8,-6.183671403293203,-6.183671403293203,-0.008869227035155912
wounding_less_serious,PFA,9,-6.174627908694286,-6.147118861035121,-0.04255293240959639
wounding_less_serious,PFA,10,-6.170986229044547,-6.219457092050149,-0.0055759402970678405
wounding_less_serious,PFA,11,-6.171767302430043,-6.2765382331435475,-0.01450247785037563
wounding_less_serious,PFA,12,-6.175929969679754,-6.175929969679754,0.048622651656332214
wounding_less_serious,PFA,13,-6.182433071622662,-6.154924023963497,0.031415792182699645
wounding_less_serious,PFA,14,-6.190235449087747,-6.238706312093348,0.045014634661481936
wounding_less_serious,PFA,15,-6.19829594290399,-6.303066873617495,0.06274742822883803
wounding_less_serious,PFA,16,-6.205573393900372,-6.205573393900372,0.04561663264821992
wounding_less_serious,PFA,17,-6.211026642905875,-6.18351759524671,0.01966234871609412
wounding_less_serious,PFA,18,-6.213740870179953,-6.262211733185554,0.06371295430588822
wounding_less_serious,PFA,19,-6.2137349833353905,-6.318505914048895,0.05856684215667387
wounding_less_serious,PFA,20,-6.211446389348421,-6.211446389348421,-0.18642356599787127
wounding_less_serious,PFA,21,-6.207314469248872,-6.179805421589707,0.026832904991644865
wounding_less_serious,PFA,22,-6.201778604066572,-6.250249467072175,-0.138011334768927
wounding_less_serious,PFA,23,-6.195278174831353,-6.300049105544858,-0.2246767276391493
wounding_less_serious,PFA,24,-6.1882525625730445,-6.1882525625730445,0.011402745712091725
wounding_less_serious,PFA,25,-6.1811411483214735,-6.153632100662309,0.04010671896811819
wounding_less_serious,PFA,26,-6.174383125485914,-6.222853988491515,0.0750790060784351
wounding_less_serious,PFA,27,-6.168377911917414,-6.273148842630919,0.07175327570677888
wounding_less_serious,PFA,28,-6.163436180943252,-6.163436180943252,0.0623744213738382
wounding_less_serious,PFA,29,-6.159856598175017,-6.132347550515852,0.03885752326089705
wounding_less_serious,PFA,30,-6.157937829224294,-6.206408692229896,0.012262639954293554
wounding_less_serious,PFA,31,-6.157978539702674,-6.262749470416178,0.03837828377352612
wounding_less_serious,PFA,32,-6.160277395221741,-6.160277395221741,0.04179539235919904
wounding_less_serious,PFA,33,-6.165133061393085,-6.13762401373392,-0.019401580246548318
wounding_less_serious,PFA,34,-6.172844203828295,-6.221315066833897,-0.013762360006141096
wounding_less_serious,PFA,35,-6.183685032701088,-6.2884559634145925,-0.0048283764606772105
wounding_less_serious,PFA,36,-6.1975638323741125,-6.1975638323741125,-0.027988015919711774
wounding_less_serious,PFA,37,-6.214107196796045,-6.18659814913688,-0.052334043713497605
wounding_less_serious,PFA,38,-6.232934473859899,-6.2814053368655,-0.04550767067379681
wounding_less_serious,PFA,39,-6.253665011458687,-6.358435942172192,-0.031788638201565717
wounding_less_serious,PFA,40,-6.275918157485425,-6.275918157485425,0.012695960420556231
wounding_less_serious,PFA,41,-6.299313259833122,-6.271804212173958,-0.0012511961030810953
wounding_less_serious,PFA,42,-6.323469666394793,-6.371940529400394,0.00644905454646982
wounding_less_serious,PFA,43,-6.348006725063451,-6.452777655776956,0.05135100596020016
wounding_serious,CSP,0,-9.470160552801161,-9.470160552801161,0.026260651945418226
wounding_serious,CSP,1,-9.419978140444156,-9.379751780678646,-0.02700823473256843
wounding_serious,CSP,2,-9.370377764837063,-9.43114176861098,0.07621174572364259
wounding_serious,CSP,3,-9.321941462729788,-9.449266671380375,0.006667817732587009
wounding_serious,CSP,4,-9.275251270872241,-9.275251270872241,-0.03011519845299562
wounding_serious,CSP,5,-9.230889226014334,-9.190662866248822,-0.07689821555657075
wounding_serious,CSP,6,-9.189437364905979,-9.250201368679896,-0.01868097949214528
wounding_serious,CSP,7,-9.151477724297079,-9.278802932947666,-0.01731128515658985
wounding_serious,CSP,8,-9.11759234093755,-9.11759234093755,-0.017287377933706813
wounding_serious,CSP,9,-9.088353046098058,-9.048126686332548,-0.023823014769131227
wounding_serious,CSP,10,-9.06393493304374,-9.124698936817657,0.004214517581618472
wounding_serious,CSP,11,-9.043997718338012,-9.1713229269886,0.01809986062200355
wounding_serious,CSP,12,-9.02816667505185,-9.02816667505185,0.054581576141072535
wounding_serious,CSP,13,-9.016067076256226,-8.975840716490715,0.04227152011618202
wounding_serious,CSP,14,-9.007324195022123,-9.06808819879604,0.05242524268500927
wounding_serious,CSP,15,-9.001563304420513,-9.128888513071098,0.02226958117820483
wounding_serious,CSP,16,-8.998409677522368,-8.998409677522368,0.004347433417059776
wounding_serious,CSP,17,-8.997488587398667,-8.957262227633155,-0.01809507900611976
wounding_serious,CSP,18,-8.998418758138971,-9.059182761912888,0.022245960811605608
wounding_serious,CSP,19,-9.000770512767073,-9.12809572141766,0.00803541791877019
wounding_serious,CSP,20,-9.004092480805829,-9.004092480805829,-0.1509357015468794
wounding_serious,CSP,21,-9.007933189450265,-8.967706829684753,0.0842457609258194
wounding_serious,CSP,22,-9.011841165895403,-9.07260516966932,-0.11113132178450805
wounding_serious,CSP,23,-9.015364937336265,-9.142690145986851,-0.09953956642999076
wounding_serious,CSP,24,-9.018053030967872,-9.018053030967872,0.04217203047447476
wounding_serious,CSP,25,-9.019453973985252,-8.97922761421974,0.0581234703980237
wounding_serious,CSP,26,-9.019117446362449,-9.079881450136366,0.05456502065280373
wounding_serious,CSP,27,-9.016837517226632,-9.14416272587722,0.033611086867311485
wounding_serious,CSP,28,-9.0129535201834,-9.0129535201834,0.03445208703703112
wounding_serious,CSP,29,-9.007878566695895,-8.967652206930383,0.00013218192052911513
wounding_serious,CSP,30,-9.002025768227263,-9.06278977200118,-0.016892858452252715
wounding_serious,CSP,31,-8.995808236240647,-9.123133444891232,0.006309636368218616
wounding_serious,CSP,32,-8.98963908219919,-8.98963908219919,-0.019363907837869364
wounding_serious,CSP,33,-8.983931417566037,-8.943705057800525,-0.040737655331227446
wounding_serious,CSP,34,-8.97909835380433,-9.039862357578247,-0.024731259132746833
wounding_serious,CSP,35,-8.975532048219295,-9.10285725686988,0.020332693766746145
wounding_serious,CSP,36,-8.973311121827294,-8.973311121827294,0.030119390302779304
wounding_serious,CSP,37,-8.972272834788656,-8.932046475023144,0.01928126842563662
wounding_serious,CSP,38,-8.972248238624331,-9.03301224239825,-0.017420064375596574
wounding_serious,CSP,39,-8.973068384855269,-9.100393593505856,-0.021355485778876804
wounding_serious,CSP,40,-8.974564325002413,-8.974564325002413,0.023771839078583625
wounding_serious,CSP,41,-8.976567110586716,-8.936340750821204,-0.01860519835907154
wounding_serious,CSP,42,-8.978907793129121,-9.039671796903038,-0.01652631739321515
wounding_serious,CSP,43,-8.98141742415058,-9.108742632801167,0.022215861218580407
wounding_serious,PFA,0,-9.364145268550667,-9.364145268550667,0.028958369895338523
wounding_serious,PFA,1,-9.316239394647734,-9.274341417020747,-0.010873140561532253
wounding_serious,PFA,2,-9.268906992592987,-9.333121700888885,0.06819513028494083
wounding_serious,PFA,3,-9.222721534234603,-9.347613515150202,0.006868822005108641
wounding_serious,PFA,4,-9.17825649142077,-9.17825649142077,-0.04741958701488672
wounding_serious,PFA,5,-9.136085335999672,-9.094187358372684,-0.0850371933860782
wounding_serious,PFA,6,-9.096781539819489,-9.160996248115387,-0.024735749046860083
wounding_serious,PFA,7,-9.060918574728404,-9.185810555644004,-0.013682624149445956
wounding_serious,PFA,8,-9.0290699125746,-9.0290699125746,-0.002363975191583934
wounding_serious,PFA,9,-9.001798607507293,-8.959900629880305,-0.023912583545032055
wounding_serious,PFA,10,-8.979262725628269,-9.043477433924167,0.008372628646356902
wounding_serious,PFA,11,-8.96109423924137,-9.08598622015697,0.018945410314833724
wounding_serious,PFA,12,-8.946889960916419,-8.946889960916419,0.05652730697041288
wounding_serious,PFA,13,-8.93624670322324,-8.894348725596252,0.0422075874296904
wounding_serious,PFA,14,-8.928761278731653,-8.992975987027549,0.04959177353607018
wounding_serious,PFA,15,-8.92403050001148,-9.048922480927079,0.023599845638329304
wounding_serious,PFA,16,-8.92165117963254,-8.92165117963254,-0.000283215941446431
wounding_serious,PFA,17,-8.921220130164663,-8.879322152537675,-0.011104528746921952
wounding_serious,PFA,18,-8.922335647966825,-8.986550356262724,0.01896929438072687
wounding_serious,PFA,19,-8.924606995527284,-9.049498976442884,0.006537841356337826
wounding_serious,PFA,20,-8.927648350385896,-8.927648350385896,-0.15164078110743742
wounding_serious,PFA,21,-8.931073913266724,-8.889175935639736,0.07750316763369436
wounding_serious,PFA,22,-8.93449788489382,-8.998712593189719,-0.10501545572078007
wounding_serious,PFA,23,-8.937534465991254,-9.062426446906853,-0.10362628906683173
wounding_serious,PFA,24,-8.939797857283079,-8.939797857283079,0.03820380787402187
wounding_serious,PFA,25,-8.940902259493358,-8.89900428186637,0.06846321526321215
wounding_serious,PFA,26,-8.940462887663642,-9.00467759595954,0.05769420937175435
wounding_serious,PFA,27,-8.938309992144296,-9.063201973059895,0.030798704590407847
wounding_serious,PFA,28,-8.934753595460512,-8.934753595460512,0.03567876483562848
wounding_serious,PFA,29,-8.930168636457124,-8.888270658830136,0.0005598852681752199
wounding_serious,PFA,30,-8.924930053978963,-8.989144762274861,-0.015946085997731712
wounding_serious,PFA,31,-8.91941278687087,-9.04430476778647,0.0016615596681991258
wounding_serious,PFA,32,-8.913991773977672,-8.913991773977672,-0.017696994324830625
wounding_serious,PFA,33,-8.909041954144207,-8.86714397651722,-0.05051790612072754
wounding_serious,PFA,34,-8.904938266215309,-8.969152974511207,-0.0263791730201863
wounding_serious,PFA,35,-8.902036411973867,-9.026928392889467,0.025580285739894168
wounding_serious,PFA,36,-8.900404249757415,-8.900404249757415,0.035550326497499354
wounding_serious,PFA,37,-8.899888055449257,-8.857990077822269,0.014879926418309123
wounding_serious,PFA,38,-8.900328405062496,-8.964543113358394,-0.009152435952723196
wounding_serious,PFA,39,-8.901565874610228,-9.026457855525827,-0.021156298721766775
wounding_serious,PFA,40,-8.903441040105559,-8.903441040105559,0.022229553867115472
wounding_serious,PFA,41,-8.905794477561587,-8.863896499934599,-0.022417251914801376
wounding_serious,PFA,42,-8.908466762991415,-8.972681471287311,-0.017845024894194688
wounding_serious,PFA,43,-8.91129847240814,-9.036190453323739,0.023746177527094358
